player_id,name,role,confidence,discipline,aggression,risk_appetite,reliability
4814,A. Aguilar,Midfielder,Low,92.8,0.9,83.8,5.6
131602,A. Arroyo,Forward,Low,20.3,44.2,97.1,5.8
28094,A. Badri,Forward,Medium,37.7,5.8,29.0,89.1
61651,A. Behich,Defender,Medium,32.1,45.1,61.7,35.8
238031,A. Beiranvand,Goalkeeper,Medium,54.9,40.2,85.4,9.8
15727,A. Bouhaddouz,Forward,Low,11.6,71.0,6.5,96.4
70156,A. Carrillo,Midfielder,Medium,74.8,80.2,50.5,30.6
135103,A. Christensen,Defender,Medium,73.6,7.8,7.3,89.6
86411,A. Cooper,Midfielder,Medium,17.6,67.6,76.1,62.2
135150,A. Cornelius,Forward,Low,50.0,87.0,72.8,13.4
101590,A. Dzagoev,Midfielder,Low,92.8,86.5,4.5,14.4
101669,A. Dzyuba,Forward,Medium,13.8,94.2,35.5,69.6
20876,A. Ekdal,Midfielder,Medium,77.9,48.2,35.1,36.9
552555,A. El Kaabi,Forward,Low,43.5,12.0,6.5,66.3
101953,A. Erokhin,Midfielder,Low,6.3,96.8,55.4,3.8
37948,A. Finnbogason,Forward,Medium,24.6,56.5,64.5,64.5
86414,A. Godoy,Midfielder,Medium,24.8,32.7,77.9,79.7
257800,A. Golovin,Midfielder,Medium,10.8,81.1,63.7,21.6
21275,A. Granqvist,Defender,High,26.9,12.4,67.4,45.6
3682,A. Griezmann,Forward,High,60.1,18.8,34.1,63.0
3384,A. Guardado,Midfielder,Medium,61.3,33.3,30.2,70.7
216568,A. Gudmundsson,Forward,Low,90.9,92.0,100.0,1.4
77521,A. Gunnarsson,Midfielder,Medium,82.4,14.9,87.8,38.3
396475,A. Hakimi,Defender,Medium,41.2,45.1,62.2,18.1
372915,A. Harit,Midfielder,Low,61.7,87.8,17.6,20.3
230020,A. Iwobi,Midfielder,Low,51.8,14.4,98.6,43.2
99381,A. J\u0119drzejczyk,Defender,Low,19.4,86.8,74.1,33.7
79381,A. Jahanbakhsh,Forward,Low,15.9,31.2,73.9,17.4
261127,A. Januzaj,Midfielder,Low,66.0,79.3,43.7,3.2
293128,A. Khalil,Midfielder,Low,0.5,97.7,1.6,98.6
8306,A. Kolarov,Defender,Medium,19.4,33.2,82.1,21.2
69411,A. Kramari\u0107,Forward,Medium,78.3,7.2,60.1,73.2
20941,A. Ljaji\u0107,Forward,Low,65.9,9.4,41.3,71.0
120839,A. Ma\u00e2loul,Defender,Medium,75.9,2.6,63.0,10.4
125848,A. Machado,Defender,Low,92.5,30.8,78.5,8.8
120898,A. Mathlouthi,Goalkeeper,Low,54.9,89.0,9.8,84.1
99452,A. Milik,Forward,Low,90.9,8.7,6.5,11.6
128214,A. Mitrovi\u0107,Forward,Medium,19.6,78.3,50.0,18.5
62389,A. Mooy,Midfielder,Medium,54.1,11.7,48.2,64.9
101606,A. Musa,Forward,Medium,36.6,54.7,67.4,33.3
32793,A. N'Diaye,Midfielder,Low,60.4,6.8,38.7,46.8
238055,A. Nabbout,Forward,Low,76.1,13.8,82.6,92.0
14748,A. R\u00fcdiger,Defender,Low,19.4,57.5,20.7,86.5
69616,A. Rebi\u0107,Forward,High,13.0,82.6,94.2,8.7
70144,A. Rodr\u00edguez,Defender,Low,72.0,32.1,22.8,96.6
15214,A. Rukavina,Defender,Low,25.1,22.8,93.3,74.6
101699,A. Samedov,Midfielder,Medium,43.2,47.7,63.1,47.3
115353,A. Santamar\u00eda,Defender,Low,92.5,61.7,7.8,95.9
265368,A. Shehu,Defender,Low,55.2,13.7,12.4,91.2
51127,A. Sk\u00falason,Defender,Low,92.5,100.0,27.2,99.5
91502,A. Uribe,Midfielder,Low,60.4,76.1,52.7,68.0
70123,A. Witsel,Midfielder,High,41.9,25.7,34.2,93.7
7939,A. Young,Defender,High,66.8,21.2,70.5,37.8
140085,A. \u017divkovi\u0107,Midfielder,Low,92.8,53.6,99.5,22.5
120167,Abdallah Said,Midfielder,Medium,92.8,42.3,78.4,29.3
122561,Abdullah Al Mayouf,Goalkeeper,Low,54.9,58.5,56.1,89.0
139393,Abdullah Otayf,Midfielder,Medium,63.7,22.5,62.2,84.7
70403,Adrien Silva,Midfielder,Low,46.4,49.1,59.2,91.4
120156,Ahmed Fathy,Defender,Medium,11.1,98.4,90.2,34.7
119951,Ahmed Hegazy,Defender,Medium,55.2,48.4,32.1,24.4
262048,Al. Miranchuk,Midfielder,Low,50.5,38.7,37.8,1.8
398219,Ali Al Bulayhi,Defender,Low,92.5,10.4,89.1,5.7
198120,Ali Gabr,Defender,Medium,55.2,4.1,4.7,72.0
214220,Alisson,Goalkeeper,High,54.9,19.5,53.7,100.0
388928,Amr Warda,Midfielder,Low,78.4,54.1,75.5,5.6
135927,Andr\u00e9 Silva,Forward,Low,74.6,27.5,16.3,86.2
99833,B. Bereszy\u0144ski,Defender,Low,13.5,86.0,49.7,56.5
38084,B. Bjarnason,Midfielder,Medium,44.6,40.5,78.8,15.3
21169,B. D\u017eemaili,Midfielder,Medium,21.6,65.3,68.9,51.4
282772,B. Embolo,Forward,Low,38.4,88.4,52.9,42.4
209792,B. Idowu,Defender,Medium,35.0,79.8,68.4,25.4
7891,B. Ivanovi\u0107,Defender,Medium,55.2,78.2,96.9,22.3
256480,B. Keita,Forward,Low,63.8,60.1,43.8,96.4
25437,B. Matuidi,Midfielder,Medium,12.2,78.8,64.4,52.7
26136,B. Mendy,Defender,Low,92.5,9.3,98.4,15.5
207164,B. N'Diaye,Midfielder,Low,62.8,4.1,30.9,10.1
55982,B. Oviedo,Defender,Medium,19.4,81.3,69.4,18.7
113517,B. P\u00e9rez,Forward,Low,79.0,23.2,70.3,36.2
340646,B. Pavard,Defender,High,32.1,48.4,37.0,33.2
11155,B. Ruiz,Midfielder,Medium,67.6,55.4,71.6,27.0
54451,B. S\u00e6varsson,Defender,Medium,70.2,17.1,97.9,19.7
54495,B. Sigur\u00f0arson,Forward,Low,33.3,81.9,98.6,52.9
408827,B. Srarfi,Midfielder,Low,92.8,100.0,100.0,98.6
265673,Bernardo Silva,Midfielder,Medium,72.5,77.0,22.5,35.6
243588,Bruno Fernandes,Midfielder,Low,34.7,37.2,80.9,13.3
37831,C. Bacca,Forward,Low,9.4,93.5,80.4,75.4
55988,C. Bola\u00f1os,Midfielder,Low,92.8,28.4,73.2,32.2
51004,C. Borges,Midfielder,Medium,76.6,9.0,55.9,54.7
114813,C. Cueva,Midfielder,Medium,92.8,26.1,27.3,36.5
54,C. Eriksen,Midfielder,Medium,84.9,19.4,49.5,33.6
55977,C. Gamboa,Defender,Medium,14.0,92.7,94.3,19.2
37725,C. Kouyat\u00e9,Midfielder,Low,72.1,41.0,19.6,63.7
27412,C. N'Doye,Midfielder,Low,7.7,94.1,99.1,10.1
285396,C. Pav\u00f3n,Forward,Low,76.8,20.7,37.7,24.6
114617,C. Ramos,Defender,Medium,92.5,28.5,71.0,55.2
70095,C. Rodr\u00edguez,Midfielder,Low,45.7,63.1,59.2,10.8
26518,C. S\u00e1nchez,Midfielder,Medium,11.7,8.1,22.1,84.2
86340,C. S\u00e1nchez,Midfielder,Low,73.4,25.2,73.2,12.6
255387,C. Salcedo,Defender,Medium,37.3,34.5,39.4,78.2
3714,C. Stuani,Forward,Low,4.3,94.9,43.8,5.8
209091,C. Tolisso,Midfielder,Medium,40.5,38.3,63.7,39.6
3685,C. Vela,Forward,Medium,71.4,34.1,68.5,73.9
70389,C\u00e9dric Soares,Defender,Medium,9.6,89.1,92.7,11.9
40756,Casemiro,Midfielder,Medium,45.7,60.4,54.1,70.3
107413,Chul Hong,Defender,Low,25.1,70.5,57.0,3.1
3322,Cristiano Ronaldo,Forward,Medium,52.5,35.5,66.7,83.3
13484,D. Alli,Midfielder,Medium,73.0,21.6,65.3,22.1
403613,D. Arzani,Midfielder,Low,17.6,96.4,33.6,29.3
8034,D. Boyata,Defender,Medium,41.2,15.8,1.0,95.3
295747,D. Bronn,Defender,Low,66.3,37.8,54.9,29.3
4513,D. Cheryshev,Midfielder,Medium,30.0,57.2,73.9,2.7
125273,D. Colindres,Forward,Low,23.9,72.5,76.1,7.2
3433,D. God\u00edn,Defender,High,55.2,67.4,26.4,65.5
125260,D. Guzm\u00e1n,Midfielder,Medium,20.7,43.7,66.7,44.6
240042,D. Kownacki,Forward,Low,28.6,83.3,57.6,8.0
220971,D. Kuzyaev,Midfielder,Medium,39.6,60.8,9.5,59.9
116269,D. Laxalt,Midfielder,Medium,59.5,43.2,80.9,16.2
25393,D. Lovren,Defender,High,44.0,53.4,34.2,59.1
122,D. Mertens,Forward,Medium,62.3,1.4,63.0,51.1
25662,D. Ospina,Goalkeeper,Medium,54.9,58.5,50.0,41.5
8292,D. Rose,Defender,Medium,77.7,87.6,75.6,23.8
257762,D. S\u00e1nchez,Defender,Medium,75.9,76.2,25.4,49.2
26610,D. Sakho,Forward,Low,90.9,84.4,99.3,3.3
26196,D. Sidib\u00e9,Defender,Low,55.2,48.4,73.1,41.7
135747,D. Suba\u0161i\u0107,Goalkeeper,High,54.9,48.8,39.0,68.3
383,D. Tadi\u0107,Midfielder,Medium,67.6,82.4,60.8,34.7
127530,D. To\u0161i\u0107,Defender,Low,35.8,65.3,76.2,63.7
69396,D. Vida,Defender,High,72.5,51.8,9.3,57.0
7945,D. Welbeck,Forward,Low,90.9,0.7,6.5,5.8
360992,D. Zakaria,Midfielder,Low,3.6,81.5,5.9,89.0
230626,D. \u0106aleta-Car,Defender,Low,92.5,4.7,11.1,82.4
4501,Daniel Carvajal,Defender,Medium,63.7,88.1,20.2,66.8
70083,Danilo,Defender,Low,92.5,6.0,22.8,67.9
8317,David Silva,Midfielder,Medium,70.7,3.2,32.4,66.7
7910,David de Gea,Goalkeeper,Medium,54.9,34.1,2.4,92.7
4338,Diego Costa,Forward,Medium,72.5,14.5,23.2,87.3
105334,Douglas Costa,Midfielder,Low,92.8,91.0,70.5,59.0
21174,E. Cavani,Forward,Medium,66.7,29.0,60.9,76.1
116364,E. Davis,Defender,Medium,6.2,24.9,79.8,39.9
210044,E. Dier,Midfielder,Medium,34.2,44.6,52.3,89.6
51132,E. Forsberg,Midfielder,Medium,77.5,23.0,57.9,31.1
79248,E. Hajsafi,Defender,Medium,64.8,15.0,83.9,13.0
21314,E. Hallfre\u00f0sson,Midfielder,Medium,37.6,56.3,80.2,45.3
25707,E. Hazard,Forward,High,61.6,58.0,79.0,81.2
37896,E. Kawashima,Goalkeeper,Medium,4.9,34.1,58.5,84.1
51064,E. Krafth,Defender,Low,92.5,8.8,94.8,5.2
86234,E. P\u00e9rez,Midfielder,Medium,30.0,15.8,44.6,95.0
3445,E. Salvio,Midfielder,Low,92.8,65.8,16.7,45.3
246946,E. Skhiri,Midfielder,Medium,37.6,50.5,13.1,71.6
448210,E. \u00c1lvarez,Defender,Medium,30.6,96.9,58.0,62.2
120269,Essam El Hadary,Goalkeeper,Low,54.9,9.8,68.3,29.3
90991,F. Armani,Goalkeeper,Medium,54.9,34.1,19.5,19.5
112679,F. Baloy,Defender,Low,92.5,3.6,0.5,99.5
120784,F. Ben Mustapha,Goalkeeper,Low,54.9,97.6,24.4,58.5
209354,F. Ben Youssef,Forward,Medium,68.5,4.3,53.6,48.6
231713,F. Bradari\u0107,Midfielder,Low,92.8,0.5,8.8,98.6
125512,F. Calvo,Defender,Low,29.5,96.4,33.7,21.8
8464,F. Delph,Midfielder,Medium,81.1,37.2,71.2,58.6
273683,F. Escobar,Defender,Medium,11.1,15.8,60.4,58.5
25888,F. Fajr,Midfielder,Low,2.7,90.5,33.6,17.6
3463,F. Fazio,Defender,Low,92.5,81.3,3.1,15.0
127796,F. Kosti\u0107,Midfielder,Low,32.4,74.3,92.8,6.8
101647,F. Kudryashov,Defender,Medium,12.4,43.5,45.6,51.3
32641,F. Muslera,Goalkeeper,High,54.9,70.7,41.5,78.0
120853,F. Sassi,Midfielder,Medium,12.6,50.9,62.6,50.9
50102,F. Sch\u00e4r,Defender,Medium,19.4,60.6,38.3,47.2
101707,F. Smolov,Forward,Low,23.2,89.9,25.4,61.6
25770,F. Thauvin,Forward,Low,90.9,97.1,6.5,96.4
285491,F. Uzoho,Goalkeeper,Medium,54.9,25.6,70.7,14.6
40707,F\u00e1gner,Defender,Medium,19.4,64.0,56.0,63.2
122623,Fahad Al Muwallad,Forward,Medium,41.3,24.6,36.2,27.5
105339,Fernandinho,Midfielder,Low,19.4,59.9,28.4,83.3
3434,Filipe Luis,Defender,Low,47.7,52.3,30.1,55.2
7887,G. Cahill,Defender,Low,55.2,13.7,6.2,97.9
354043,G. Chaalali,Midfielder,Low,6.3,90.1,60.8,36.0
213364,G. De Arrascaeta,Midfielder,Low,66.0,54.5,26.1,57.7
59083,G. G\u00f3mez,Midfielder,Medium,32.4,5.0,17.1,90.5
125286,G. Gonz\u00e1lez,Defender,Medium,81.6,33.2,29.3,81.3
94650,G. Haraguchi,Midfielder,Medium,64.4,58.6,14.0,50.0
3323,G. Higua\u00edn,Forward,Low,54.7,26.1,56.5,81.9
25537,G. Krychowiak,Midfielder,Medium,54.1,45.3,85.1,56.8
86220,G. Mercado,Defender,Medium,6.2,75.1,16.1,59.6
25816,G. Ochoa,Goalkeeper,Medium,7.3,73.2,36.6,48.8
14749,G. Sakai,Defender,Low,92.5,67.4,90.7,62.2
94814,G. Sh\u014dji,Defender,Medium,92.5,36.0,53.9,89.1
94828,G. Shibasaki,Midfielder,Medium,27.9,24.3,86.9,60.4
77558,G. Sigur\u00f0sson,Midfielder,Medium,76.6,67.6,95.9,19.4
32798,G. Svensson,Midfielder,Low,75.7,6.3,19.6,95.9
116997,G. Torres,Forward,Low,60.9,32.6,43.8,78.6
116166,G. Varela,Defender,Medium,92.5,24.9,75.1,88.6
49876,G. Xhaka,Midfielder,Medium,57.7,10.8,50.0,87.8
8297,G. dos Santos,Forward,Low,90.9,46.0,6.5,45.3
340386,Gabriel Jesus,Forward,Medium,58.0,40.6,55.8,62.3
227059,Gelson Martins,Forward,Low,90.9,76.1,6.5,88.4
237034,Gon\u00e7alo Guedes,Forward,Medium,64.5,33.3,23.2,87.3
112777,H. Ayala,Defender,Medium,92.5,24.9,14.5,64.5
116293,H. Cummings,Defender,Low,92.5,71.2,64.8,6.5
56394,H. Dalsgaard,Defender,Medium,19.4,85.2,79.3,17.1
57226,H. Halld\u00f3rsson,Goalkeeper,Medium,54.9,78.0,87.8,31.7
112459,H. Herrera,Midfielder,Medium,8.1,86.0,88.7,48.2
8717,H. Kane,Forward,High,75.4,34.8,91.7,68.8
25381,H. Lloris,Goalkeeper,High,54.9,25.6,63.4,63.4
295156,H. Lozano,Forward,Medium,39.1,51.4,38.4,72.5
135207,H. Magn\u00fasson,Defender,Medium,41.2,80.3,86.5,2.1
8653,H. Maguire,Defender,High,33.7,66.3,34.7,83.9
3795,H. Moreno,Defender,Medium,9.6,39.1,63.7,58.0
293080,H. Nagguez,Defender,Low,29.0,81.3,72.5,23.3
94695,H. Sakai,Defender,Medium,84.2,69.2,85.0,26.9
20766,H. Seferovi\u0107,Forward,Low,42.8,18.1,74.6,15.9
95010,H. Yamaguchi,Midfielder,Low,45.0,23.4,14.4,91.0
221039,H. Ziyech,Midfielder,Medium,22.5,64.4,79.7,27.9
122615,Hattan Bahbir,Midfielder,Low,78.8,32.0,27.3,29.3
122918,Hussain Al Mogahwi,Midfielder,Low,55.9,13.5,26.1,86.0
349687,Hwang Hee-Chan,Forward,Medium,27.5,43.5,62.0,19.6
138633,Hyun-Soo Jang,Defender,Medium,19.4,41.2,19.7,28.0
256043,Hyun-Woo Cho,Goalkeeper,Medium,54.9,92.7,65.9,17.1
101576,I. Akinfeev,Goalkeeper,High,54.9,9.8,95.1,34.1
241134,I. D\u00edaz,Forward,Low,90.9,54.7,6.5,96.4
25706,I. Gueye,Midfielder,Medium,29.1,16.2,41.0,62.6
51262,I. Kiese Thelin,Forward,Low,3.3,87.7,43.8,22.1
103668,I. Kutepov,Defender,High,45.1,46.6,91.7,16.6
14812,I. Peri\u0161i\u0107,Midfielder,High,73.9,36.5,64.9,5.0
3476,I. Rakiti\u0107,Midfielder,High,48.6,55.0,82.9,41.4
448079,I. Sarr,Midfielder,Medium,54.1,66.2,28.8,34.7
101825,I. Smolnikov,Defender,Low,0.5,1.0,63.0,34.2
105361,I. Strini\u0107,Defender,High,23.8,83.9,55.4,10.9
3840,Iago Aspas,Forward,Low,8.0,92.8,15.2,71.7
3353,Iniesta,Midfielder,Medium,65.3,20.3,67.6,57.2
3563,Isco,Midfielder,Medium,84.9,85.1,41.4,77.5
125284,J. Acosta,Defender,Medium,55.2,48.4,60.4,66.3
58105,J. B\u00f6\u00f0varsson,Forward,Low,90.9,66.7,72.8,52.9
14804,J. B\u0142aszczykowski,Midfielder,Low,92.8,31.5,1.6,24.1
240032,J. Bednarek,Defender,Medium,44.6,26.9,48.4,70.5
14716,J. Boateng,Defender,Medium,1.6,73.6,99.0,69.4
146583,J. Brandt,Midfielder,Low,92.8,93.2,96.4,83.8
26038,J. Campbell,Forward,Low,16.7,90.6,79.7,70.3
112522,J. Corona,Forward,Low,90.9,62.7,28.3,41.3
20751,J. Cuadrado,Midfielder,Medium,51.4,72.5,66.2,31.5
7850,J. Djourou,Defender,Low,55.2,24.9,2.6,67.9
14862,J. Draxler,Midfielder,Low,24.3,52.3,11.7,81.5
50023,J. Drmic,Forward,Low,90.9,2.2,20.3,39.9
50812,J. Durmaz,Midfielder,Low,0.9,98.6,83.8,17.6
14872,J. Farf\u00e1n,Forward,Low,12.3,70.3,30.1,78.6
100140,J. G\u00f3ralski,Midfielder,Medium,37.6,79.7,19.6,63.7
336178,J. Gallardo,Midfielder,Medium,64.9,27.9,25.2,65.3
227894,J. Gim\u00e9nez,Defender,Medium,67.6,56.0,32.6,71.0
93,J. Gu\u00f0munds\u00adson,Midfielder,Low,92.8,18.0,19.6,8.6
151,J. Guidetti,Forward,Low,3.3,61.6,95.7,4.3
18669,J. Hector,Defender,Low,46.6,82.9,13.0,67.9
7964,J. Henderson,Midfielder,High,71.2,15.3,91.9,49.1
7941,J. Hern\u00e1ndez,Forward,Medium,73.9,8.0,83.3,68.1
62743,J. Irvine,Midfielder,Low,92.8,87.4,97.3,1.4
91381,J. Izquierdo,Forward,Low,59.1,38.0,24.6,52.9
224593,J. Kimmich,Defender,Medium,81.6,72.0,87.0,47.7
55957,J. Knudsen,Defender,Low,55.2,73.6,99.5,6.5
255738,J. Lerma,Midfielder,Low,49.1,41.9,82.0,40.5
7934,J. Lingard,Midfielder,High,42.8,19.8,42.8,85.1
3355,J. Mascherano,Defender,Medium,2.1,93.8,91.2,76.2
91702,J. Mojica,Defender,Medium,55.2,94.8,85.5,11.4
7898,J. Obi Mikel,Midfielder,Medium,28.4,66.7,90.5,50.5
125774,J. Penedo,Goalkeeper,Medium,54.9,58.5,80.5,80.5
10131,J. Pickford,Goalkeeper,High,54.9,68.3,61.0,43.9
69964,J. Pivari\u0107,Defender,Low,3.6,99.0,60.4,30.1
91019,J. Quintero,Midfielder,Medium,84.2,2.7,97.7,24.8
61367,J. Risdon,Defender,Medium,32.1,82.4,76.7,7.3
70096,J. Rodr\u00edguez,Midfielder,Low,18.9,82.9,36.5,47.7
401861,J. Rodriguez,Midfielder,Medium,62.8,32.7,19.6,34.7
9380,J. Stones,Defender,High,68.4,19.7,14.0,90.7
56026,J. Stryger Larsen,Defender,Medium,81.6,36.0,29.3,56.0
70379,J. Urretavizcaya,Midfielder,Low,92.8,92.3,30.9,25.9
12829,J. Vardy,Forward,Low,53.6,41.3,85.9,29.0
125452,J. Venegas,Midfielder,Low,13.3,92.8,94.1,14.0
48,J. Vertonghen,Defender,High,41.2,41.2,43.5,76.7
3349,J. dos Santos,Midfielder,Low,92.8,50.0,79.3,96.4
15781,Ja-Cheol Koo,Midfielder,Low,74.3,68.9,6.8,65.8
299121,Jae-Sung Lee,Midfielder,Medium,29.1,77.9,45.9,41.0
70965,Jo\u00e3o M\u00e1rio,Midfielder,Medium,44.1,63.5,10.4,76.1
3431,Jo\u00e3o Miranda,Defender,High,34.2,61.1,4.1,94.3
70093,Jo\u00e3o Moutinho,Midfielder,Medium,20.0,73.9,45.0,93.2
49862,Joo-Ho Park,Defender,Low,5.2,91.2,37.0,1.0
3269,Jordi Alba,Defender,Medium,75.9,28.0,39.9,84.5
8126,Jos\u00e9 Fonte,Defender,Medium,55.2,69.2,18.1,52.3
79149,K. Ansarifard,Forward,Low,26.8,28.3,84.8,12.3
29625,K. Bouta\u00efb,Forward,Low,42.0,44.9,18.5,54.3
38021,K. De Bruyne,Midfielder,High,67.6,23.9,93.7,27.5
281254,K. Dolberg,Forward,Low,7.2,62.7,43.8,22.1
142,K. El Ahmadi,Midfielder,Medium,15.8,47.3,46.8,77.9
21097,K. Glik,Defender,Low,26.9,11.9,5.7,69.9
33032,K. Grosicki,Midfielder,Medium,80.6,11.3,74.8,4.5
101592,K. Honda,Midfielder,Low,92.8,95.5,43.7,43.2
285508,K. Iheanacho,Forward,Low,90.9,50.0,57.6,78.6
25726,K. Koulibaly,Defender,Medium,32.1,30.8,92.2,35.2
353833,K. Mbapp\u00e9,Forward,High,73.2,29.7,39.1,40.6
133897,K. N'Diaye,Goalkeeper,Medium,54.9,78.0,100.0,4.9
3915,K. Navas,Goalkeeper,Medium,54.9,95.1,78.0,22.0
12,K. Omeruo,Defender,Medium,55.2,34.5,47.2,16.1
8480,K. Schmeichel,Goalkeeper,Medium,54.9,45.1,97.6,46.3
8945,K. Trippier,Defender,High,62.7,58.5,82.9,26.4
8277,K. Walker,Defender,High,63.2,22.3,41.7,72.5
125575,K. Waston,Defender,Low,19.4,10.4,17.6,85.5
62221,K. \u00c1rnason,Defender,Medium,19.4,95.9,96.4,31.1
3443,Koke,Midfielder,Medium,92.8,9.9,55.0,92.3
114709,L. Adv\u00edncula,Defender,Medium,70.2,69.9,47.7,48.7
51217,L. Augustinsson,Defender,High,73.1,20.7,66.8,7.8
16443,L. Balogun,Defender,Medium,41.2,48.4,43.0,36.8
37732,L. Biglia,Midfielder,Low,92.8,24.8,27.9,91.9
134702,L. Dendoncker,Midfielder,Low,17.6,9.0,4.1,81.5
26022,L. Gassama,Defender,Low,55.2,94.3,15.3,73.6
134387,L. Goretzka,Midfielder,Low,52.3,12.6,8.8,81.5
279545,L. Hern\u00e1ndez,Defender,High,36.8,84.5,73.6,24.9
69353,L. Kalini\u0107,Goalkeeper,Low,54.9,100.0,34.1,12.2
3359,L. Messi,Forward,Medium,52.5,65.9,87.0,78.6
127537,L. Milivojevi\u0107,Midfielder,Low,48.0,45.9,93.2,61.3
8287,L. Modri\u0107,Midfielder,High,41.0,46.4,85.6,56.3
20764,L. Muriel,Forward,Low,10.5,91.3,58.7,26.1
131862,L. Ovalle,Defender,Low,92.5,30.8,95.9,4.7
405,L. Sch\u00f6ne,Midfielder,Medium,80.2,34.9,86.0,76.1
7972,L. Su\u00e1rez,Forward,High,68.5,39.1,81.2,32.6
114864,L. Tejada,Forward,Low,2.2,80.4,19.6,84.1
333571,L. Torreira,Midfielder,Medium,60.4,49.5,42.3,61.7
403546,Lee Seung-Woo,Forward,Low,5.8,71.7,17.4,37.0
4498,Lucas V\u00e1zquez,Forward,Low,36.6,38.0,65.9,42.4
89073,M. Acu\u00f1a,Midfielder,Low,37.6,77.9,16.0,2.3
297957,M. Akanji,Defender,Medium,75.9,85.2,19.2,80.3
69400,M. Badelj,Midfielder,Low,9.9,73.4,54.5,51.8
38093,M. Batshuayi,Forward,Low,90.9,21.7,6.5,59.1
354041,M. Ben Amor,Midfielder,Low,92.8,94.8,1.6,98.6
20579,M. Benatia,Defender,Medium,6.2,64.0,44.6,53.9
14908,M. Berg,Forward,Medium,17.4,57.2,47.8,67.4
91156,M. Borja,Forward,Low,90.9,100.0,6.5,96.4
101846,M. Boussoufa,Midfielder,Medium,37.6,48.6,32.9,54.7
55968,M. Braithwaite,Forward,Medium,46.4,19.6,13.8,59.1
69968,M. Brozovi\u0107,Midfielder,Medium,57.2,55.9,45.5,72.5
20460,M. C\u00e1ceres,Defender,High,65.8,39.1,93.8,17.6
101847,M. Carcela-Gonz\u00e1lez,Midfielder,Low,4.7,97.3,19.6,3.8
11152,M. Demb\u00e9l\u00e9,Midfielder,Low,14.0,70.3,11.3,96.8
15054,M. Diouf,Forward,Low,54.7,39.9,6.5,10.1
112253,M. Fabi\u00e1n,Midfielder,Low,13.3,22.1,7.4,85.6
8249,M. Fellaini,Midfielder,Medium,14.9,88.3,29.7,63.7
14731,M. G\u00f3mez,Forward,Low,90.9,15.9,94.9,15.2
15199,M. Gavranovi\u0107,Forward,Low,90.9,15.2,77.2,45.3
14929,M. Hasebe,Midfielder,Medium,30.6,30.6,14.9,73.4
149050,M. Hassen,Goalkeeper,Low,54.9,9.8,73.2,2.4
285538,M. Hosseini,Defender,Medium,78.2,0.5,82.1,46.6
14795,M. Hummels,Defender,Medium,19.4,92.2,33.2,75.1
55979,M. J\u00f8rgensen,Defender,Medium,7.3,54.4,21.8,57.5
8410,M. Jedinak,Midfielder,Medium,37.6,34.2,65.8,52.3
97582,M. Konat\u00e9,Forward,Low,90.9,12.0,6.5,66.3
69404,M. Kova\u010di\u0107,Midfielder,Low,33.3,94.8,23.9,95.5
49977,M. Lang,Defender,Low,1.0,46.1,48.4,46.1
112366,M. Lay\u00fan,Defender,Medium,64.2,50.8,86.0,32.1
15020,M. Leckie,Forward,Medium,31.2,77.5,75.4,22.1
61949,M. Lustig,Defender,Medium,36.3,50.3,77.7,9.3
14943,M. Mand\u017euki\u0107,Forward,High,32.6,50.7,34.8,35.5
146459,M. Meza,Midfielder,Medium,56.3,71.6,10.4,46.4
61425,M. Milligan,Midfielder,Medium,54.1,2.3,8.1,94.1
333803,M. Mohammadi,Defender,Low,92.5,99.5,37.0,1.6
361498,M. Murillo,Defender,Medium,2.8,30.8,57.5,12.4
14712,M. Neuer,Goalkeeper,Medium,54.9,78.0,14.6,75.6
25898,M. Niang,Forward,Medium,21.7,68.1,89.1,28.3
8192,M. Olsson,Defender,Low,8.8,95.3,22.8,4.1
99438,M. Pazdan,Defender,Low,74.1,29.5,60.4,50.8
135810,M. Pjaca,Forward,Low,34.8,63.8,55.1,56.9
15125,M. Plattenhardt,Defender,Low,92.5,2.1,52.3,99.5
79449,M. Pouraliganji,Defender,Medium,92.5,11.4,44.0,39.4
397178,M. Rashford,Forward,Medium,47.1,55.8,26.8,74.6
15024,M. Reus,Forward,Medium,59.1,2.9,40.6,63.8
101652,M. Rojo,Defender,Medium,35.0,65.8,31.6,87.0
61390,M. Ryan,Goalkeeper,Medium,54.9,9.8,4.9,95.1
99391,M. Rybus,Defender,Medium,55.2,78.2,65.5,60.4
3509,M. Shojaei,Midfielder,Low,5.4,85.6,5.0,0.9
79320,M. Taremi,Forward,Medium,47.8,52.2,39.9,38.4
115146,M. Trauco,Defender,Medium,70.2,73.6,88.6,38.9
101796,M. Ure\u00f1a,Forward,Low,21.0,36.2,13.0,25.4
116349,M. Vecino,Midfielder,Medium,43.7,41.4,74.3,55.4
11095,M. Veljkovic,Defender,Low,92.5,10.4,89.6,94.8
375348,M. Wagu\u00e9,Defender,Medium,78.8,18.7,97.4,28.5
703,M. Yoshida,Defender,Medium,43.5,24.9,35.8,71.5
3319,M. \u00d6zil,Midfielder,Medium,92.8,5.6,89.6,60.8
101620,M. da Costa,Defender,Medium,38.3,18.1,80.3,14.5
41123,M\u00e1rio Fernandes,Defender,Medium,46.1,93.3,66.3,32.6
119932,Mahmoud Kahraba,Midfielder,Low,9.5,98.2,3.6,14.9
32599,Manuel Fernandes,Midfielder,Low,92.8,89.0,70.5,24.1
3310,Marcelo,Defender,Medium,82.9,54.9,87.6,36.3
288091,Marco Asensio,Midfielder,Low,92.8,14.0,23.9,76.1
120225,Marwan Mohsen,Forward,Medium,49.3,76.8,51.4,14.5
395636,Maxi G\u00f3mez,Forward,Low,22.5,81.2,91.7,22.1
95299,Min-Woo Kim,Midfielder,Low,40.1,7.2,91.0,6.3
119975,Mohamed Abdel-Shafi,Defender,Medium,70.2,24.9,65.5,44.0
120000,Mohamed El Shenawy,Goalkeeper,Medium,54.9,84.1,92.7,26.8
120339,Mohamed Elneny,Midfielder,Medium,63.7,1.8,36.0,76.1
120353,Mohamed Salah,Forward,Medium,80.4,12.0,47.1,49.3
122671,Mohammad Al Sahlawi,Forward,Low,45.7,58.7,21.7,96.4
292954,Mohammed Al Burayk,Defender,Medium,92.5,59.6,40.7,40.4
248328,Mohammed Al Owais,Goalkeeper,Low,54.9,58.5,17.1,24.4
284147,Mohammed Kanno,Midfielder,Low,4.7,91.9,1.6,43.2
139391,Motaz Hawsawi,Defender,Low,92.5,6.0,18.7,38.3
122749,Muhannad Asiri,Forward,Low,90.9,12.0,91.7,3.3
6509,Munir,Goalkeeper,Medium,2.4,40.2,26.8,56.1
32968,N. Amrabat,Forward,Medium,14.5,74.6,69.6,39.1
261,N. Chadli,Midfielder,Medium,79.3,39.6,56.8,53.6
149074,N. Dirar,Midfielder,Medium,37.6,64.9,37.8,78.8
28115,N. Fekir,Midfielder,Low,11.3,99.5,46.8,29.3
15080,N. J\u00f8rgensen,Forward,Medium,39.9,67.4,33.3,10.9
31528,N. Kant\u00e9,Midfielder,High,42.3,36.0,41.9,80.2
70122,N. Mati\u0107,Midfielder,Medium,23.4,83.8,50.9,67.1
424241,N. Milenkovi\u0107,Defender,Medium,81.6,36.0,8.8,53.4
299618,N. N\u00e1ndez,Midfielder,Medium,41.4,84.7,69.4,41.9
70086,N. Otamendi,Defender,Medium,28.2,78.2,35.2,83.4
237274,N. Radonji\u0107,Midfielder,Low,92.8,95.9,1.6,13.3
134383,N. S\u00fcle,Defender,Low,92.5,57.5,78.5,97.4
26100,N. Sliti,Midfielder,Medium,79.7,40.1,94.6,9.5
86722,N. Tagliafico,Defender,Medium,26.9,68.4,50.3,52.8
3304,Nacho,Defender,Low,30.1,64.8,28.5,88.1
40810,Neymar,Forward,High,63.0,75.4,81.9,82.6
286390,O. Demb\u00e9l\u00e9,Forward,Low,79.7,25.4,59.4,55.8
78991,O. Ebrahimi,Midfielder,Medium,33.8,44.1,76.6,72.1
424624,O. Etebo,Forward,Medium,56.9,53.3,31.2,91.3
26010,O. Giroud,Forward,High,26.1,64.5,52.2,26.8
120717,O. Haddadi,Defender,Low,55.2,19.2,40.7,86.0
51145,O. Hiljemark,Midfielder,Low,92.8,26.6,10.4,7.9
5295,O. Ighalo,Forward,Low,10.5,86.2,6.5,78.6
91002,O. Murillo,Defender,Low,92.5,63.0,25.9,50.3
112710,O. Peralta,Forward,Low,90.9,97.1,91.7,96.4
123,O. Toivonen,Forward,Medium,70.3,42.8,37.0,34.4
122651,Omar Hawsawi,Defender,Low,55.2,39.1,1.6,43.5
122839,Osama Hawsawi,Defender,Medium,55.2,41.2,23.8,77.7
139078,P. Aquino,Midfielder,Low,10.4,89.6,3.2,74.8
89186,P. Dybala,Forward,Low,90.9,23.9,18.5,37.7
114798,P. Gallese,Goalkeeper,Medium,54.9,58.5,75.6,39.0
14909,P. Guerrero,Forward,Medium,35.5,73.9,14.5,30.1
114624,P. Hurtado,Midfielder,Low,2.0,93.7,13.5,43.2
50806,P. Jansson,Defender,Low,7.8,97.9,11.1,98.4
7918,P. Jones,Defender,Medium,55.2,44.0,37.0,79.8
231138,P. Kimpembe,Defender,Low,55.2,67.4,59.1,87.6
7936,P. Pogba,Midfielder,High,25.7,83.3,96.8,48.6
241945,P. Sisto,Midfielder,Medium,70.3,71.2,72.1,37.8
99902,P. Zieli\u0144ski,Midfielder,Medium,83.3,4.5,89.2,33.6
40550,Paulinho,Midfielder,Medium,71.6,13.1,23.9,76.1
3305,Pepe,Defender,Medium,67.6,56.0,52.3,37.3
3802,Philippe Coutinho,Forward,Medium,67.4,17.4,65.2,89.9
3341,Piqu\u00e9,Defender,Medium,55.2,56.0,49.2,92.2
361536,R. Avila,Midfielder,Low,6.3,80.6,46.8,69.1
120900,R. Bedoui,Defender,Low,92.5,48.4,41.7,74.1
361807,R. Bentancur,Midfielder,Medium,27.0,61.3,69.8,71.2
272829,R. Cheshmi,Defender,Low,92.5,13.7,11.1,82.4
3450,R. Falcao,Forward,Medium,29.7,79.0,26.1,65.2
56146,R. G\u00edslason,Forward,Low,51.4,60.9,68.5,45.3
112392,R. Jim\u00e9nez,Forward,Low,15.2,48.6,87.7,13.4
16151,R. Kruse,Forward,Medium,71.4,6.5,16.3,45.3
225324,R. Kurzawa,Midfielder,Low,92.8,18.5,95.5,9.0
14817,R. Lewandowski,Forward,Medium,56.9,53.3,46.4,85.5
235555,R. Loftus-Cheek,Midfielder,Medium,68.9,53.2,15.3,53.2
7905,R. Lukaku,Forward,High,44.2,16.7,49.3,50.0
59003,R. M\u00e1rquez,Defender,Low,47.2,75.6,15.3,20.5
50798,R. Olsen,Goalkeeper,High,54.9,58.5,82.9,36.6
79098,R. Rezaeian,Defender,Medium,41.2,36.0,100.0,3.6
14922,R. Rodr\u00edguez,Defender,Medium,55.2,72.5,69.4,31.6
89571,R. Ruid\u00edaz,Forward,Low,5.1,46.0,91.7,96.4
26226,R. Sa\u00efss,Midfielder,Medium,67.6,5.6,36.9,82.9
55983,R. Sigur\u00f0sson,Defender,Medium,45.6,21.8,27.2,22.8
11066,R. Sterling,Forward,High,40.6,30.4,27.5,84.8
139075,R. Tapia,Midfielder,Low,27.5,46.8,31.5,23.4
91263,R. Torres,Defender,Medium,80.3,1.6,24.4,45.1
3309,R. Varane,Defender,High,83.4,8.3,54.4,60.4
59126,R. Wallace,Midfielder,Low,2.0,77.9,83.8,17.6
103682,R. Zobnin,Midfielder,High,31.5,70.7,72.5,18.9
332605,Ramadan Sobhi,Midfielder,Low,46.8,62.2,56.3,32.9
28907,Rapha\u00ebl Guerreiro,Defender,Medium,28.2,78.2,56.5,44.6
14785,Renato Augusto,Midfielder,Low,92.8,21.2,26.1,69.8
70381,Ricardo Pereira,Defender,Low,2.8,86.8,88.1,41.7
32597,Ricardo Quaresma,Forward,Low,18.5,69.6,63.8,16.7
15808,Roberto Firmino,Forward,Low,34.1,85.5,50.7,55.1
70129,Rodrigo,Forward,Low,90.9,98.6,6.5,34.4
70134,Rui Patr\u00edcio,Goalkeeper,Medium,54.9,45.1,43.9,61.0
8325,S. Ag\u00fcero,Forward,Low,90.9,31.9,23.2,47.8
285590,S. Amrabat,Midfielder,Low,1.4,64.0,98.2,98.6
70136,S. Arias,Defender,Medium,11.9,62.2,46.4,41.7
79006,S. Azmoun,Forward,Medium,31.2,65.2,88.4,18.5
10014,S. Ben Youssef,Defender,Low,4.7,90.2,24.9,20.5
7954,S. Coates,Defender,Low,19.4,57.5,9.8,92.7
241647,S. Ezatolahi,Midfielder,Low,32.4,68.5,90.1,25.2
53562,S. Ghoddos,Forward,Low,1.4,84.4,97.1,96.4
101583,S. Ignashevich,Defender,High,79.5,43.0,84.5,25.9
57347,S. Ingason,Defender,Low,10.4,91.7,58.5,48.2
14816,S. Kagawa,Midfielder,Medium,81.5,20.7,40.1,78.4
26668,S. Khalifa,Forward,Low,90.9,97.1,6.5,1.4
275243,S. Khaoui,Midfielder,Low,37.6,17.1,32.0,66.2
3318,S. Khedira,Midfielder,Low,49.5,51.4,47.7,49.5
20433,S. Kj\u00e6r,Defender,Medium,75.9,29.0,71.5,65.5
8529,S. Larsson,Midfielder,Medium,15.3,27.5,92.3,43.2
20465,S. Lichtsteiner,Defender,Medium,38.9,83.4,74.6,14.0
25747,S. Man\u00e9,Forward,Medium,31.2,47.8,71.0,51.1
25552,S. Mandanda,Goalkeeper,Low,54.9,89.0,29.3,89.0
265865,S. Milinkovi\u0107-Savi\u0107,Midfielder,Medium,16.2,89.0,77.0,17.6
11270,S. Morsy,Midfielder,Low,4.1,57.7,7.4,98.6
8200,S. N'Zonzi,Midfielder,Low,92.8,29.3,34.7,90.1
14763,S. Okazaki,Forward,Low,55.8,79.7,62.0,22.1
15282,S. Peszko,Midfielder,Low,92.8,56.8,91.4,81.5
15811,S. Rudy,Midfielder,Low,21.2,1.4,16.0,98.6
26115,S. San\u00e9,Defender,Medium,70.2,41.2,45.1,54.4
25397,S. Umtiti,Defender,High,55.2,20.2,17.1,80.8
49997,S. Zuber,Midfielder,Medium,82.9,35.6,48.6,15.8
122832,Salem Al Dawsari,Midfielder,Medium,54.1,84.2,18.0,59.5
122847,Salman Al Faraj,Midfielder,Medium,76.6,29.7,51.4,67.6
209567,Se-Jong Ju,Midfielder,Low,16.7,18.9,21.6,11.7
51625,Seon-Min Moon,Midfielder,Low,7.2,76.6,43.7,7.9
3346,Sergio Busquets,Midfielder,Medium,50.5,45.3,49.1,88.3
3306,Sergio Ramos,Defender,Medium,55.2,59.1,77.2,93.3
107548,Shin-Wook Kim,Forward,Low,6.5,68.8,77.2,45.3
72397,Simy,Forward,Low,0.7,99.3,6.5,1.4
14911,Son Heung-Min,Forward,Medium,50.7,37.0,54.3,90.6
61962,Sung-Yeung Ki,Midfielder,Medium,26.4,67.6,68.5,73.0
36,T. Alderweireld,Defender,High,65.3,3.1,64.2,78.8
346101,T. Alexander-Arnold,Defender,Low,92.5,7.3,52.3,62.2
8247,T. Cahill,Forward,Low,28.6,73.2,97.1,45.3
99661,T. Cionek,Defender,Low,55.2,63.0,6.7,90.2
3429,T. Courtois,Goalkeeper,High,54.9,29.3,31.7,65.9
55990,T. Delaney,Midfielder,Medium,20.0,69.8,67.1,58.1
332821,T. Ebuehi,Defender,Low,14.5,71.2,30.8,93.8
25622,T. Hazard,Forward,Low,69.6,10.1,31.9,58.0
14836,T. Inui,Midfielder,Medium,69.8,28.8,21.2,38.7
212604,T. Jedvaj,Defender,Low,19.4,39.1,2.1,41.7
69978,T. Juri\u0107,Forward,Low,90.9,22.5,85.9,9.4
14723,T. Kroos,Midfielder,Medium,83.8,7.7,84.7,86.5
28922,T. Lemar,Midfielder,Low,67.6,9.0,6.3,87.2
14732,T. M\u00fcller,Forward,Medium,48.6,20.7,78.3,31.2
94630,T. Makino,Defender,Low,19.4,6.0,5.2,96.6
37824,T. Meunier,Defender,High,13.0,53.9,80.8,30.6
61407,T. Rogi\u0107,Midfielder,Medium,47.3,59.5,75.5,74.1
61395,T. Sainsbury,Defender,Medium,70.2,78.2,28.0,77.2
14730,T. Usami,Forward,Low,25.4,47.1,84.1,31.9
7860,T. Vermaelen,Defender,Low,15.0,27.5,38.9,75.6
173214,T. Werner,Forward,Medium,81.2,3.6,21.0,30.1
122577,Taisir Al Jassim,Midfielder,Low,23.0,58.1,12.6,89.0
437417,Tarek Hamed,Midfielder,Medium,22.1,52.7,51.8,45.9
3345,Thiago Alc\u00e2ntara,Midfielder,Low,69.4,34.9,39.2,94.6
20394,Thiago Silva,Defender,High,79.5,16.6,16.6,85.0
220112,Tr\u00e9z\u00e9guet,Midfielder,Medium,31.1,75.0,12.2,25.9
237836,V. Amiri,Midfielder,Medium,35.1,51.8,88.3,12.2
20938,V. Behrami,Midfielder,Medium,14.4,72.1,5.4,92.8
51144,V. Claesson,Midfielder,Medium,58.1,59.0,60.8,19.8
1722,V. Fischer,Forward,Low,90.9,5.1,6.5,96.4
101682,V. Granat,Defender,Low,92.5,42.5,52.3,0.5
8307,V. Kompany,Defender,Medium,37.8,17.6,3.6,91.7
71703,V. Lindel\u00f6f,Defender,Medium,84.2,6.0,42.5,29.3
8625,V. Moses,Midfielder,Medium,54.1,61.7,39.6,23.0
127671,V. Stojkovi\u0107,Goalkeeper,Medium,54.9,58.5,90.2,51.2
14771,V. \u0106orluka,Defender,Low,4.1,90.7,8.3,73.1
246928,W. Barrios,Midfielder,Medium,9.0,75.0,58.6,40.1
3551,W. Caballero,Goalkeeper,Medium,54.9,9.8,22.0,7.3
139080,W. Cartagena,Midfielder,Low,3.2,91.4,1.6,17.6
25776,W. Khazri,Midfielder,Medium,75.2,12.2,23.0,21.2
14744,W. Kvist,Midfielder,Low,92.8,10.4,37.8,74.1
265366,W. Ndidi,Midfielder,Medium,54.1,86.9,53.6,69.1
7849,W. Szcz\u0119sny,Goalkeeper,Medium,54.9,84.1,50.0,70.7
11093,W. Troost-Ekong,Defender,Medium,55.2,33.2,83.4,64.5
37762,William Carvalho,Midfielder,Medium,50.5,16.7,53.2,79.3
105333,Willian,Midfielder,Medium,58.6,73.0,24.8,39.2
95490,Woo-Young Jung,Midfielder,Low,8.6,62.6,77.5,63.7
49872,X. Shaqiri,Midfielder,Medium,56.8,31.1,82.4,32.2
241077,Y. B\u00e1rcenas,Midfielder,Medium,35.6,27.0,87.4,29.3
25998,Y. Belhanda,Midfielder,Medium,48.0,69.4,29.3,20.7
21333,Y. Benalouane,Defender,Low,25.9,97.4,69.4,2.6
134769,Y. Carrasco,Forward,Medium,44.9,26.8,71.7,56.9
447821,Y. En-Nesyri,Forward,Low,90.9,49.3,91.7,22.1
102157,Y. Gazinskiy,Midfielder,Medium,23.9,30.2,35.6,37.4
331763,Y. Meriah,Defender,Medium,41.2,45.1,30.8,68.9
256634,Y. Mina,Defender,Medium,19.4,89.6,13.5,79.3
94764,Y. Muto,Forward,Low,65.2,42.0,30.1,96.4
20517,Y. Nagatomo,Defender,Medium,75.9,37.3,52.3,51.8
56274,Y. Poulsen,Forward,Medium,8.7,89.1,32.6,60.9
28529,Y. Sabaly,Defender,Medium,8.3,76.7,50.8,13.5
49855,Y. Sommer,Goalkeeper,Medium,54.9,22.0,7.3,53.7
125268,Y. Tejeda,Midfielder,Low,92.8,99.1,60.8,0.5
263802,Y. Tielemans,Midfielder,Low,25.2,37.8,68.0,55.9
114723,Y. Yot\u00fan,Midfielder,Medium,18.5,42.8,57.2,54.1
101857,Y. Zhirkov,Midfielder,Medium,59.0,17.6,95.0,7.2
94831,Y. \u014csako,Forward,Medium,77.5,59.4,48.6,60.1
122888,Yahya Al Shehri,Midfielder,Low,92.8,39.2,60.8,81.5
122940,Yasir Al Shahrani,Defender,Medium,41.2,88.6,21.2,43.0
122562,Yasser Al Mosailem,Goalkeeper,Low,54.9,9.8,46.3,73.2
107529,Yong Lee,Defender,Medium,19.4,51.3,95.3,8.3
95200,Young-Gwon Kim,Defender,Medium,32.1,13.7,72.0,49.7
107424,Young-Sun Yun,Defender,Low,55.2,24.9,11.1,82.4
3314,\u00c1. di Mar\u00eda,Midfielder,Medium,82.0,33.8,81.5,11.3
3280,\u00c9. Banega,Midfielder,Medium,26.4,82.0,86.5,68.5
114762,\u00c9. Flores,Midfielder,Medium,62.2,75.7,40.5,26.6
125250,\u00d3. Duarte,Defender,Medium,55.2,52.8,67.9,61.1
14808,\u0130. G\u00fcndo\u011fan,Midfielder,Low,92.8,3.6,57.9,87.2
7847,\u0141. Fabia\u0144ski,Goalkeeper,Low,54.9,9.8,12.2,97.6
14798,\u0141. Piszczek,Defender,Low,92.5,74.6,46.4,9.8
99479,\u0141. Teodorczyk,Forward,Low,18.5,95.7,43.8,78.6
69409,\u0160. Vrsaljko,Defender,High,24.4,60.1,81.3,27.5
