rank,player_id,name,role,minutes,confidence,composite,score_recovery,score_retention,score_progression,score_chance_creation,score_finishing,score_defensive_disruption,score_goal_protection,score_transition
1,3802,Philippe Coutinho,Forward,436.0,Medium,97.6,31.9,100.0,100.0,97.8,92.8,8.7,2.9,74.6
2,703,M. Yoshida,Defender,360.0,Medium,89.2,97.2,78.2,85.0,25.9,2.6,96.6,95.3,4.9
3,255387,C. Salcedo,Defender,360.0,Medium,87.8,97.2,87.0,69.4,31.1,8.0,97.4,97.2,53.6
4,21174,E. Cavani,Forward,347.0,Medium,87.7,10.9,97.1,84.8,70.3,98.6,30.4,58.7,61.6
5,122561,Abdullah Al Mayouf,Goalkeeper,90.0,Low,86.2,92.7,76.8,73.2,84.1,51.2,42.7,84.1,97.6
6,25707,E. Hazard,Forward,518.0,High,86.1,29.0,68.8,98.6,95.7,81.2,3.6,0.7,100.0
7,3359,L. Messi,Forward,360.0,Medium,86.1,13.8,68.1,99.3,97.1,79.7,1.4,3.6,96.4
8,14911,Son Heung-Min,Forward,270.0,Medium,84.1,66.7,95.7,87.7,62.3,90.6,73.2,83.7,84.8
9,231138,P. Kimpembe,Defender,90.0,Low,83.5,82.1,79.3,91.2,44.8,61.1,81.3,71.8,45.9
10,69404,M. Kova\u010di\u0107,Midfielder,126.0,Low,81.9,70.3,91.0,85.6,77.5,75.7,95.9,70.7,85.1
11,139393,Abdullah Otayf,Midfielder,244.0,Medium,80.5,86.0,92.3,98.2,64.0,19.8,57.2,74.1,62.2
12,40810,Neymar,Forward,450.0,High,80.4,1.4,26.1,97.8,98.6,99.3,8.0,2.2,98.6
13,8717,H. Kane,Forward,543.0,High,80.3,26.8,94.2,93.5,51.4,81.9,2.2,8.0,2.9
14,122847,Salman Al Faraj,Midfielder,270.0,Medium,79.9,73.4,51.8,95.5,91.7,15.3,48.2,80.2,86.9
15,149074,N. Dirar,Midfielder,180.0,Medium,79.5,93.2,83.3,45.9,86.5,22.5,70.3,86.5,88.3
16,36,T. Alderweireld,Defender,540.0,High,79.4,70.5,94.3,96.9,52.3,20.7,56.0,83.9,87.0
17,122,D. Mertens,Forward,298.0,Medium,79.2,22.5,42.0,96.4,100.0,78.3,5.1,6.5,85.5
18,69400,M. Badelj,Midfielder,91.0,Low,78.9,96.4,47.7,79.3,90.1,97.3,89.6,27.5,81.1
19,37896,E. Kawashima,Goalkeeper,360.0,Medium,78.9,19.5,90.2,70.7,28.0,51.2,8.5,70.7,75.6
20,70403,Adrien Silva,Midfielder,166.0,Low,78.8,94.1,95.0,95.0,37.4,26.4,47.3,17.8,72.5
21,240032,J. Bednarek,Defender,224.0,Medium,78.8,80.8,73.6,93.3,23.3,95.9,67.4,80.8,70.5
22,9380,J. Stones,Defender,616.0,High,78.6,87.0,99.5,74.6,0.5,97.9,53.4,75.6,55.4
23,3355,J. Mascherano,Defender,360.0,Medium,78.4,52.3,86.0,99.0,71.5,71.2,76.2,9.1,94.8
24,112459,H. Herrera,Midfielder,360.0,Medium,77.6,78.8,52.3,91.4,69.4,66.7,51.8,21.8,96.2
25,8480,K. Schmeichel,Goalkeeper,360.0,Medium,77.2,17.1,39.0,100.0,100.0,51.2,57.3,92.7,100.0
26,7936,P. Pogba,Midfielder,539.0,High,77.2,65.3,26.6,99.1,96.8,76.6,42.3,72.1,98.2
27,70093,Jo\u00e3o Moutinho,Midfielder,185.0,Medium,77.1,73.0,92.8,56.8,82.4,28.4,23.0,52.7,80.6
28,105339,Fernandinho,Midfielder,154.0,Low,76.9,97.3,80.6,75.2,41.0,27.5,33.3,62.6,90.5
29,134383,N. S\u00fcle,Defender,90.0,Low,76.6,31.9,94.8,95.3,58.3,61.1,84.5,71.8,45.9
30,21275,A. Granqvist,Defender,450.0,High,75.4,100.0,62.2,39.9,6.5,54.4,99.5,99.5,33.4
31,227894,J. Gim\u00e9nez,Defender,360.0,Medium,75.2,97.9,78.8,27.5,3.9,93.0,96.6,99.0,73.8
32,25898,M. Niang,Forward,247.0,Medium,74.8,68.1,34.1,91.3,84.8,89.1,84.8,76.1,18.1
33,14771,V. \u0106orluka,Defender,95.0,Low,74.6,98.4,68.4,37.8,38.9,53.4,93.8,94.8,99.5
34,95490,Woo-Young Jung,Midfielder,128.0,Low,74.5,84.7,84.7,86.0,71.2,88.3,93.7,95.0,45.9
35,8277,K. Walker,Defender,495.0,High,74.5,56.5,89.6,86.5,19.7,5.7,65.3,89.1,66.3
36,127530,D. To\u0161i\u0107,Defender,173.0,Low,74.4,83.9,63.2,88.1,53.4,43.0,62.2,48.2,29.8
37,94828,G. Shibasaki,Midfielder,341.0,Medium,73.7,91.9,65.3,91.9,95.0,7.7,97.3,94.6,24.3
38,8307,V. Kompany,Defender,375.0,Medium,73.6,75.1,97.9,28.0,8.3,48.7,93.3,98.4,37.8
39,14795,M. Hummels,Defender,180.0,Medium,72.8,88.1,83.4,72.5,51.3,86.8,47.2,12.7,25.6
40,448210,E. \u00c1lvarez,Defender,267.0,Medium,72.8,90.2,51.3,70.5,19.2,32.4,79.3,51.3,79.3
41,69411,A. Kramari\u0107,Forward,309.0,Medium,72.5,2.9,71.7,87.0,71.7,59.4,38.4,66.7,94.2
42,61390,M. Ryan,Goalkeeper,270.0,Medium,72.4,56.1,100.0,48.8,48.8,51.2,64.6,52.4,64.6
43,70086,N. Otamendi,Defender,360.0,Medium,72.3,46.1,92.7,87.6,25.9,49.2,62.7,27.7,83.4
44,15024,M. Reus,Forward,210.0,Medium,72.1,79.0,26.8,95.7,92.8,73.2,9.8,13.8,10.9
45,3323,G. Higua\u00edn,Forward,132.0,Low,72.1,32.6,77.5,73.9,73.2,63.8,55.1,73.2,80.4
46,135103,A. Christensen,Defender,307.0,Medium,71.5,86.0,95.3,15.5,7.8,21.2,89.1,86.0,7.3
47,361807,R. Bentancur,Midfielder,365.0,Medium,71.4,84.2,75.7,86.9,64.9,34.7,24.8,48.2,45.5
48,3840,Iago Aspas,Forward,39.0,Low,71.4,60.1,31.9,62.3,91.3,100.0,77.5,84.8,79.0
49,101576,I. Akinfeev,Goalkeeper,450.0,High,70.7,9.8,29.3,97.6,15.9,51.2,69.5,90.2,92.7
50,40756,Casemiro,Midfielder,330.0,Medium,70.7,98.2,82.0,88.3,32.9,67.1,92.8,98.2,52.3
51,20433,S. Kj\u00e6r,Defender,360.0,Medium,70.6,32.6,67.4,84.5,25.9,19.2,97.9,97.2,53.6
52,94630,T. Makino,Defender,90.0,Low,70.3,46.6,91.2,62.2,44.8,47.7,81.3,71.8,45.9
53,61395,T. Sainsbury,Defender,270.0,Medium,70.1,92.7,80.8,82.4,31.9,15.0,24.4,35.5,89.6
54,105334,Douglas Costa,Midfielder,76.0,Low,70.0,29.3,40.1,81.5,99.5,96.4,30.2,37.4,99.5
55,20394,Thiago Silva,Defender,450.0,High,69.9,59.1,95.9,47.2,9.1,89.6,77.7,92.2,2.1
56,3322,Cristiano Ronaldo,Forward,360.0,Medium,69.9,9.4,92.0,74.6,21.7,91.3,84.1,92.0,84.1
57,210044,E. Dier,Midfielder,217.0,Medium,69.5,66.7,93.2,92.8,72.5,78.4,81.5,85.1,22.5
58,14716,J. Boateng,Defender,180.0,Medium,69.2,68.4,57.5,99.5,91.7,80.1,51.6,46.6,25.6
59,31528,N. Kant\u00e9,Midfielder,595.0,High,69.1,99.5,96.4,55.9,0.5,1.4,59.0,64.0,93.2
60,25397,S. Umtiti,Defender,540.0,High,69.0,89.6,92.2,10.4,20.2,89.1,83.9,92.7,95.3
61,3685,C. Vela,Forward,315.0,Medium,68.7,2.2,80.4,97.1,94.2,2.9,2.9,5.1,97.8
62,146583,J. Brandt,Midfielder,19.0,Low,68.6,46.8,46.4,89.2,91.0,84.7,52.3,55.9,69.8
63,15808,Roberto Firmino,Forward,81.0,Low,68.3,99.3,14.5,92.8,73.9,92.0,94.9,81.2,93.5
64,135747,D. Suba\u0161i\u0107,Goalkeeper,570.0,High,68.3,14.6,70.7,46.3,7.3,51.2,31.7,78.0,56.1
65,94814,G. Sh\u014dji,Defender,270.0,Medium,67.9,3.9,96.4,88.6,14.2,15.0,82.9,78.2,63.7
66,127671,V. Stojkovi\u0107,Goalkeeper,270.0,Medium,67.9,12.2,56.1,95.1,48.8,51.2,17.1,63.4,84.1
67,107424,Young-Sun Yun,Defender,90.0,Low,67.9,94.3,72.0,14.0,44.8,61.1,91.2,90.4,81.1
68,26115,S. San\u00e9,Defender,270.0,Medium,67.8,86.5,62.7,34.2,14.2,15.0,87.8,85.0,63.7
69,11270,S. Morsy,Midfielder,40.0,Low,67.7,73.9,80.2,57.7,44.1,59.9,71.2,47.7,82.9
70,295156,H. Lozano,Forward,317.0,Medium,67.6,81.9,82.6,46.4,81.2,60.1,52.9,4.3,95.7
71,140085,A. \u017divkovi\u0107,Midfielder,15.0,Low,67.4,60.1,32.0,84.7,85.6,59.0,54.7,58.6,74.8
72,120167,Abdallah Said,Midfielder,232.0,Medium,67.2,72.5,9.0,81.1,82.0,12.8,17.6,42.1,91.4
73,408827,B. Srarfi,Midfielder,1.0,Low,67.1,57.7,48.2,72.1,62.2,73.4,62.6,65.3,95.5
74,297957,M. Akanji,Defender,360.0,Medium,66.6,71.0,90.2,85.5,3.9,8.0,19.7,27.7,83.4
75,56394,H. Dalsgaard,Defender,360.0,Medium,66.3,90.7,18.7,68.9,68.4,19.2,87.0,91.7,73.8
76,285590,S. Amrabat,Midfielder,17.0,Low,66.3,56.1,58.6,71.2,74.5,68.5,52.9,56.5,71.2
77,7941,J. Hern\u00e1ndez,Forward,330.0,Medium,66.3,5.8,89.1,59.4,77.5,39.1,31.9,26.8,92.0
78,125575,K. Waston,Defender,90.0,Low,66.2,84.5,75.6,44.6,44.8,99.0,60.1,71.8,45.9
79,120353,Mohamed Salah,Forward,180.0,Medium,66.1,39.9,48.6,48.6,87.0,80.4,13.0,18.1,94.9
80,134769,Y. Carrasco,Forward,239.0,Medium,66.1,82.6,65.2,81.2,47.8,70.3,28.3,10.5,72.8
81,7964,J. Henderson,Midfielder,452.0,High,66.0,94.6,45.5,93.7,67.1,14.0,69.8,35.6,29.3
82,3429,T. Courtois,Goalkeeper,630.0,High,65.9,100.0,58.5,41.5,4.9,51.2,75.6,68.3,70.7
83,120156,Ahmed Fathy,Defender,270.0,Medium,65.7,85.0,21.2,87.0,92.2,78.0,69.7,49.7,89.6
84,261,N. Chadli,Midfielder,327.0,Medium,65.7,42.8,55.0,64.9,97.3,93.2,8.6,24.5,68.5
85,122918,Hussain Al Mogahwi,Midfielder,136.0,Low,65.5,59.5,94.1,78.4,32.4,62.2,37.4,66.7,63.1
86,209091,C. Tolisso,Midfielder,194.0,Medium,65.0,86.9,21.2,82.0,90.5,61.7,20.3,50.5,44.6
87,125774,J. Penedo,Goalkeeper,270.0,Medium,65.0,63.4,85.4,43.9,48.8,51.2,97.6,95.1,14.6
88,14730,T. Usami,Forward,68.0,Low,65.0,91.3,7.2,94.9,90.6,67.4,96.4,93.5,87.0
89,14748,A. R\u00fcdiger,Defender,90.0,Low,64.9,27.5,88.1,83.9,44.8,61.1,60.1,40.4,45.9
90,38021,K. De Bruyne,Midfielder,540.0,High,64.9,30.6,2.7,93.2,100.0,82.4,64.9,71.4,97.7
91,360992,D. Zakaria,Midfielder,49.0,Low,64.8,40.1,62.2,46.8,94.6,57.2,37.8,45.0,80.2
92,256634,Y. Mina,Defender,270.0,Medium,64.8,66.3,85.5,17.6,14.2,100.0,89.6,85.0,89.6
93,112710,O. Peralta,Forward,1.0,Low,64.5,65.6,25.4,84.1,82.6,65.9,65.9,71.0,57.2
94,61962,Sung-Yeung Ki,Midfielder,180.0,Medium,64.4,89.2,76.1,50.9,23.4,85.6,81.1,77.9,82.2
95,263802,Y. Tielemans,Midfielder,175.0,Low,64.3,19.8,56.8,67.6,92.8,67.6,82.0,16.7,84.7
96,37831,C. Bacca,Forward,60.0,Low,64.3,88.4,55.1,76.8,89.9,35.5,39.9,46.4,88.4
97,353833,K. Mbapp\u00e9,Forward,535.0,High,64.3,3.6,47.8,44.2,68.8,96.4,32.6,9.4,99.3
98,112777,H. Ayala,Defender,180.0,Medium,64.2,78.8,69.9,9.8,30.1,40.7,98.4,87.8,84.5
99,25816,G. Ochoa,Goalkeeper,360.0,Medium,64.2,65.9,51.2,14.6,28.0,51.2,57.3,100.0,41.5
100,95200,Young-Gwon Kim,Defender,270.0,Medium,64.2,74.1,61.7,51.3,31.9,94.6,69.7,78.2,12.2
101,62743,J. Irvine,Midfielder,44.0,Low,64.1,87.4,9.5,59.5,82.9,59.5,40.1,46.8,81.5
102,54495,B. Sigur\u00f0arson,Forward,39.0,Low,64.1,44.2,44.9,89.9,76.8,44.9,45.7,52.2,33.3
103,7905,R. Lukaku,Forward,476.0,High,64.1,0.7,90.6,21.7,48.6,95.7,5.8,12.3,60.9
104,230626,D. \u0106aleta-Car,Defender,90.0,Low,64.0,54.4,73.1,36.3,44.8,61.1,92.2,90.4,45.9
105,265368,A. Shehu,Defender,90.0,Low,64.0,95.3,76.7,23.8,44.8,61.1,60.1,71.8,45.9
106,4338,Diego Costa,Forward,320.0,Medium,63.9,19.6,97.8,18.8,41.3,97.8,76.8,81.9,8.7
107,122832,Salem Al Dawsari,Midfielder,270.0,Medium,63.7,53.8,38.3,60.4,66.2,93.7,56.3,6.8,100.0
108,3280,\u00c9. Banega,Midfielder,216.0,Medium,63.6,31.1,55.4,99.5,95.5,63.5,87.8,45.5,36.5
109,101583,S. Ignashevich,Defender,450.0,High,63.6,99.5,37.8,17.1,6.5,78.8,100.0,100.0,2.1
110,299121,Jae-Sung Lee,Midfielder,270.0,Medium,63.6,71.6,55.9,38.3,52.9,53.6,63.1,68.2,99.1
111,89571,R. Ruid\u00edaz,Forward,13.0,Low,63.5,72.8,42.8,79.7,76.1,55.4,58.3,64.1,46.7
112,62389,A. Mooy,Midfielder,270.0,Medium,63.3,77.9,70.7,83.8,30.6,8.3,95.5,80.2,53.4
113,56274,Y. Poulsen,Forward,239.0,Medium,63.2,98.6,63.0,58.7,59.4,71.7,42.8,10.5,72.8
114,99391,M. Rybus,Defender,180.0,Medium,63.2,92.2,48.7,48.2,87.0,81.6,63.7,69.9,25.6
115,41123,M\u00e1rio Fernandes,Defender,412.0,Medium,63.2,64.2,23.8,76.2,92.7,91.7,88.6,74.6,3.1
116,3443,Koke,Midfielder,199.0,Medium,62.9,82.4,99.1,97.3,27.0,19.4,94.1,85.6,8.6
117,69968,M. Brozovi\u0107,Midfielder,427.0,Medium,62.9,95.9,84.2,90.5,33.3,24.8,82.9,76.1,10.4
118,94764,Y. Muto,Forward,82.0,Low,62.9,44.9,86.2,52.9,54.3,58.0,71.7,80.4,70.3
119,15214,A. Rukavina,Defender,97.0,Low,62.7,48.7,65.3,81.9,89.1,52.6,54.9,37.8,79.8
120,8034,D. Boyata,Defender,270.0,Medium,62.7,52.8,97.4,5.7,14.2,27.2,94.8,97.9,89.6
121,14808,\u0130. G\u00fcndo\u011fan,Midfielder,59.0,Low,62.6,26.6,68.9,83.3,84.2,83.8,66.2,78.8,50.0
122,122839,Osama Hawsawi,Defender,270.0,Medium,62.4,81.3,83.9,19.7,14.2,27.2,64.5,68.7,12.2
123,27412,C. N'Doye,Midfielder,37.0,Low,62.3,67.6,32.4,65.8,86.9,51.4,42.8,48.6,59.0
124,101652,M. Rojo,Defender,226.0,Medium,62.3,38.9,93.8,78.8,54.9,95.3,37.8,30.1,69.7
125,8410,M. Jedinak,Midfielder,270.0,Medium,62.3,90.1,63.5,80.6,38.3,38.1,25.9,33.1,39.0
126,59003,R. M\u00e1rquez,Defender,84.0,Low,62.2,87.6,28.5,46.1,50.8,67.9,86.5,74.1,99.0
127,3682,A. Griezmann,Forward,572.0,High,62.0,10.1,72.5,69.6,31.2,74.6,74.6,49.3,91.3
128,15282,S. Peszko,Midfielder,11.0,Low,61.9,55.0,46.8,72.5,58.8,71.4,58.3,60.6,76.6
129,115353,A. Santamar\u00eda,Defender,134.0,Low,61.9,62.7,91.7,42.5,33.9,50.0,50.8,25.4,34.7
130,55979,M. J\u00f8rgensen,Defender,189.0,Medium,61.9,91.2,54.9,33.2,35.2,96.9,68.4,87.0,22.3
131,25381,H. Lloris,Goalkeeper,540.0,High,61.8,41.5,82.9,82.9,9.8,51.2,95.1,7.3,95.1
132,125250,\u00d3. Duarte,Defender,180.0,Medium,61.8,39.4,61.1,61.1,71.0,33.7,85.5,87.8,25.6
133,12829,J. Vardy,Forward,127.0,Low,61.8,55.1,76.1,63.8,92.0,15.2,91.3,26.1,58.7
134,256480,B. Keita,Forward,80.0,Low,61.6,50.7,83.3,68.8,35.5,58.7,72.5,37.0,21.0
135,101846,M. Boussoufa,Midfielder,270.0,Medium,61.6,61.0,78.4,22.1,76.1,8.3,11.7,6.8,70.3
136,293128,A. Khalil,Midfielder,13.0,Low,61.5,66.2,56.3,52.3,56.8,70.7,56.8,59.9,76.1
137,14723,T. Kroos,Midfielder,270.0,Medium,61.5,14.9,98.2,100.0,91.7,82.0,11.7,33.1,2.7
138,62221,K. \u00c1rnason,Defender,180.0,Medium,61.3,43.5,56.5,72.0,64.5,40.7,73.3,81.3,25.6
139,3309,R. Varane,Defender,630.0,High,61.1,45.6,76.2,82.9,1.6,83.9,39.9,64.2,76.2
140,48,J. Vertonghen,Defender,540.0,High,61.1,14.5,90.7,68.4,7.3,92.2,71.0,63.5,82.4
141,8653,H. Maguire,Defender,614.0,High,61.1,50.8,96.9,93.8,21.2,90.7,3.1,2.6,17.6
142,37732,L. Biglia,Midfielder,54.0,Low,61.0,64.0,72.1,78.8,38.7,39.6,68.0,43.7,51.4
143,119951,Ahmed Hegazy,Defender,270.0,Medium,60.9,99.0,19.2,30.1,14.2,27.2,95.6,96.1,12.2
144,231713,F. Bradari\u0107,Midfielder,25.0,Low,60.9,48.2,64.9,54.5,50.9,65.1,74.8,53.4,86.0
145,50102,F. Sch\u00e4r,Defender,270.0,Medium,60.8,53.9,25.9,67.9,32.6,15.0,95.6,78.2,78.2
146,54451,B. S\u00e6varsson,Defender,270.0,Medium,60.8,71.8,40.4,56.5,36.8,27.2,74.4,78.2,12.2
147,7898,J. Obi Mikel,Midfielder,268.0,Medium,60.7,48.6,54.5,82.9,77.0,16.7,27.9,69.4,40.5
148,37948,A. Finnbogason,Forward,264.0,Medium,60.7,42.8,88.4,28.3,52.2,73.9,7.2,8.7,68.1
149,77558,G. Sigur\u00f0sson,Midfielder,270.0,Medium,60.6,45.5,18.9,71.6,83.8,73.0,3.4,6.8,83.3
150,94831,Y. \u014csako,Forward,308.0,Medium,60.5,27.5,74.6,16.7,68.1,82.6,4.3,5.8,10.1
151,14785,Renato Augusto,Midfielder,51.0,Low,60.5,23.9,52.7,76.1,55.4,98.2,36.9,44.1,94.1
152,37762,William Carvalho,Midfielder,360.0,Medium,60.5,23.0,91.9,90.1,13.1,5.9,14.9,21.8,84.2
153,57347,S. Ingason,Defender,115.0,Low,60.4,89.1,51.8,25.4,35.8,80.8,75.1,64.8,92.7
154,103668,I. Kutepov,Defender,450.0,High,60.0,96.4,13.5,31.1,22.0,10.9,99.0,94.3,76.7
155,11152,M. Demb\u00e9l\u00e9,Midfielder,178.0,Low,59.9,83.8,96.8,34.2,17.1,29.3,51.4,78.4,67.6
156,14816,S. Kagawa,Midfielder,232.0,Medium,59.9,3.2,86.5,82.4,93.2,12.8,36.0,42.1,34.2
157,354041,M. Ben Amor,Midfielder,16.0,Low,59.8,63.5,57.7,49.1,55.0,69.6,53.8,57.4,73.6
158,51144,V. Claesson,Midfielder,434.0,Medium,59.6,98.6,20.3,18.9,92.3,17.6,72.1,66.2,68.0
159,331763,Y. Meriah,Defender,270.0,Medium,59.5,69.4,68.9,75.1,14.2,27.2,24.4,22.5,12.2
160,32597,Ricardo Quaresma,Forward,116.0,Low,59.4,46.4,1.4,72.5,75.4,88.4,23.9,28.3,82.6
161,447821,Y. En-Nesyri,Forward,19.0,Low,59.4,79.7,39.1,50.7,52.9,94.9,94.2,62.3,44.9
162,70134,Rui Patr\u00edcio,Goalkeeper,360.0,Medium,59.3,30.5,65.9,29.3,28.0,51.2,8.5,24.4,87.8
163,139078,P. Aquino,Midfielder,137.0,Low,59.1,95.5,77.5,32.9,46.4,29.7,94.6,91.4,43.2
164,424241,N. Milenkovi\u0107,Defender,270.0,Medium,59.1,75.6,64.0,8.8,14.2,27.2,87.8,59.6,12.2
165,114617,C. Ramos,Defender,270.0,Medium,59.1,31.1,64.0,66.8,14.2,27.2,74.4,85.0,12.2
166,86411,A. Cooper,Midfielder,180.0,Medium,59.1,27.5,60.8,80.2,44.6,22.5,9.7,15.8,82.2
167,32599,Manuel Fernandes,Midfielder,5.0,Low,59.0,52.7,33.3,68.9,61.3,87.4,61.3,63.5,78.8
168,26038,J. Campbell,Forward,113.0,Low,59.0,39.1,29.0,92.0,72.5,42.4,25.0,29.3,97.1
169,25537,G. Krychowiak,Midfielder,270.0,Medium,58.7,69.4,59.0,91.0,62.8,91.9,3.4,6.8,11.5
170,59126,R. Wallace,Midfielder,9.0,Low,58.6,45.9,43.7,66.7,59.5,72.1,60.4,61.3,77.5
171,50812,J. Durmaz,Midfielder,16.0,Low,58.6,51.4,35.1,62.6,70.3,69.6,53.8,57.4,73.6
172,57226,H. Halld\u00f3rsson,Goalkeeper,270.0,Medium,58.5,53.7,24.4,90.2,48.8,51.2,82.9,61.0,90.2
173,405,L. Sch\u00f6ne,Midfielder,188.0,Medium,58.5,85.6,78.8,85.1,30.2,50.9,79.7,93.2,12.6
174,91019,J. Quintero,Midfielder,310.0,Medium,58.5,6.3,3.2,94.1,94.1,37.4,1.8,4.5,94.6
175,243588,Bruno Fernandes,Midfielder,88.0,Low,58.5,79.7,15.8,53.6,54.1,24.3,23.4,29.7,89.2
176,151,J. Guidetti,Forward,37.0,Low,58.2,71.7,16.3,53.6,87.7,75.4,80.8,85.9,63.4
177,3349,J. dos Santos,Midfielder,35.0,Low,58.2,38.7,67.1,77.0,46.8,61.3,73.0,82.9,61.3
178,284147,Mohammed Kanno,Midfielder,15.0,Low,58.2,61.7,48.6,49.5,56.1,87.8,54.7,58.6,74.8
179,25770,F. Thauvin,Forward,1.0,Low,58.1,65.6,33.3,66.7,66.3,65.9,65.9,71.0,57.2
180,11093,W. Troost-Ekong,Defender,270.0,Medium,58.0,16.3,75.1,61.7,14.2,15.0,78.8,78.2,12.2
181,120717,O. Haddadi,Defender,90.0,Low,58.0,42.2,74.6,54.9,99.0,61.1,60.1,54.9,98.4
182,112253,M. Fabi\u00e1n,Midfielder,25.0,Low,57.8,32.4,57.2,58.6,73.9,65.1,49.5,53.4,67.1
183,86234,E. P\u00e9rez,Midfielder,195.0,Medium,57.8,12.6,94.6,76.6,61.7,20.3,63.5,14.4,43.7
184,25393,D. Lovren,Defender,591.0,High,57.8,73.1,52.3,44.0,1.0,1.0,61.7,66.3,19.2
185,120784,F. Ben Mustapha,Goalkeeper,165.0,Low,57.7,95.1,53.7,12.2,73.2,51.2,100.0,97.6,22.0
186,11095,M. Veljkovic,Defender,90.0,Low,57.7,40.7,81.3,79.8,44.8,61.1,29.0,40.4,45.9
187,3476,I. Rakiti\u0107,Midfielder,578.0,High,57.7,89.6,8.1,95.9,88.3,91.4,41.0,20.7,6.3
188,51127,A. Sk\u00falason,Defender,17.0,Low,57.6,68.9,53.9,64.2,86.5,76.7,43.5,47.7,68.9
189,70379,J. Urretavizcaya,Midfielder,17.0,Low,57.5,49.1,28.8,64.0,74.5,68.5,52.9,56.5,71.2
190,3563,Isco,Midfielder,360.0,Medium,57.5,1.4,81.1,98.6,98.2,94.1,0.9,2.3,8.1
191,25622,T. Hazard,Forward,97.0,Low,57.4,94.9,34.8,86.2,88.4,20.3,89.1,76.8,89.9
192,99661,T. Cionek,Defender,90.0,Low,57.3,28.2,82.4,58.5,44.8,61.1,60.1,40.4,45.9
193,112679,F. Baloy,Defender,21.0,Low,57.3,63.2,72.5,52.3,61.1,99.5,40.9,45.6,67.9
194,21314,E. Hallfre\u00f0sson,Midfielder,180.0,Medium,57.1,65.8,69.4,36.5,21.2,22.5,41.9,15.8,92.8
195,72397,Simy,Forward,2.0,Low,57.1,84.1,32.6,65.9,65.2,64.5,64.5,69.6,55.8
196,3341,Piqu\u00e9,Defender,360.0,Medium,57.0,10.4,99.0,97.4,3.9,79.3,21.2,27.7,4.9
197,3431,Jo\u00e3o Miranda,Defender,450.0,High,57.0,85.5,98.4,7.3,22.0,4.1,36.8,31.3,85.2
198,15811,S. Rudy,Midfielder,31.0,Low,56.9,44.1,68.5,59.9,48.2,54.5,46.6,51.6,63.7
199,112522,J. Corona,Forward,34.0,Low,56.9,80.4,8.0,83.3,89.1,47.1,47.8,53.6,36.2
200,7891,B. Ivanovi\u0107,Defender,180.0,Medium,56.8,60.6,31.6,83.4,95.9,40.7,51.6,56.5,25.6
201,424624,O. Etebo,Forward,270.0,Medium,56.8,94.2,99.3,90.6,28.6,8.7,21.0,35.5,64.9
202,123,O. Toivonen,Forward,399.0,Medium,56.7,16.7,81.9,6.5,86.2,52.2,42.0,48.6,78.3
203,139080,W. Cartagena,Midfielder,11.0,Low,56.6,35.6,45.0,56.3,58.8,71.4,58.3,60.6,87.4
204,127537,L. Milivojevi\u0107,Midfielder,171.0,Low,56.3,47.3,73.4,77.9,65.8,31.1,45.0,17.1,17.1
205,230020,A. Iwobi,Midfielder,62.0,Low,56.3,37.4,39.2,77.5,79.3,54.1,65.3,77.5,48.2
206,8287,L. Modri\u0107,Midfielder,634.0,High,56.3,59.0,50.5,96.8,18.0,78.8,0.5,0.5,57.2
207,70129,Rodrigo,Forward,7.0,Low,56.2,59.4,8.7,73.2,58.7,84.1,62.3,67.4,50.7
208,91263,R. Torres,Defender,236.0,Medium,56.1,80.3,54.4,4.7,20.7,1.6,85.0,93.8,18.1
209,21097,K. Glik,Defender,100.0,Low,56.1,47.7,60.1,39.4,38.3,45.1,77.2,81.9,37.3
210,114624,P. Hurtado,Midfielder,27.0,Low,56.0,57.2,37.8,53.2,65.3,64.4,49.1,52.3,66.7
211,115146,M. Trauco,Defender,270.0,Medium,56.0,65.8,20.2,96.4,85.0,27.2,41.7,22.5,63.7
212,97582,M. Konat\u00e9,Forward,25.0,Low,56.0,45.7,50.0,49.3,47.1,77.5,54.3,59.4,71.0
213,3915,K. Navas,Goalkeeper,270.0,Medium,55.7,78.0,7.3,92.7,97.6,51.2,87.8,75.6,84.1
214,55990,T. Delaney,Midfielder,370.0,Medium,55.7,85.1,79.7,44.1,50.5,0.9,77.0,82.0,18.9
215,122888,Yahya Al Shehri,Midfielder,85.0,Low,55.3,25.2,61.7,73.4,26.6,49.5,70.7,31.1,89.6
216,3304,Nacho,Defender,160.0,Low,55.3,1.6,88.6,74.1,82.9,97.4,57.0,32.1,86.5
217,125286,G. Gonz\u00e1lez,Defender,270.0,Medium,55.3,51.8,85.0,7.8,14.2,75.9,76.7,68.7,12.2
218,101606,A. Musa,Forward,210.0,Medium,55.3,15.2,45.7,26.1,55.8,93.5,76.1,13.8,77.5
219,3345,Thiago Alc\u00e2ntara,Midfielder,94.0,Low,55.1,14.4,93.7,92.3,39.2,30.6,21.2,27.0,36.0
220,198120,Ali Gabr,Defender,270.0,Medium,55.1,44.3,81.9,2.6,24.1,15.0,91.7,96.1,12.2
221,8200,S. N'Zonzi,Midfielder,141.0,Low,55.0,82.0,89.2,66.2,14.9,36.9,83.8,83.3,23.0
222,99902,P. Zieli\u0144ski,Midfielder,259.0,Medium,55.0,4.5,14.0,87.8,76.6,10.4,20.7,9.5,92.3
223,336178,J. Gallardo,Midfielder,335.0,Medium,55.0,97.7,83.8,17.6,25.7,4.1,98.6,97.3,50.5
224,95010,H. Yamaguchi,Midfielder,109.0,Low,55.0,37.8,90.5,75.7,19.4,41.9,47.7,74.8,51.8
225,25747,S. Man\u00e9,Forward,270.0,Medium,55.0,92.0,37.0,85.5,28.6,68.8,6.5,7.2,13.8
226,25552,S. Mandanda,Goalkeeper,90.0,Low,54.9,73.2,76.8,75.6,84.1,51.2,42.7,14.6,73.2
227,78991,O. Ebrahimi,Midfielder,258.0,Medium,54.9,86.5,88.7,21.2,63.5,18.5,97.7,93.7,14.4
228,91156,M. Borja,Forward,1.0,Low,54.8,77.5,19.6,67.4,66.3,65.9,65.9,71.0,57.2
229,101847,M. Carcela-Gonz\u00e1lez,Midfielder,15.0,Low,54.7,60.1,24.3,58.1,56.1,70.3,83.3,58.6,74.8
230,257762,D. S\u00e1nchez,Defender,360.0,Medium,54.7,93.3,40.9,18.1,3.9,8.0,66.3,67.4,83.4
231,282772,B. Embolo,Forward,135.0,Low,54.5,18.8,18.1,64.5,67.4,68.1,53.6,72.5,52.2
232,107413,Chul Hong,Defender,97.0,Low,54.4,78.2,9.8,43.5,76.7,52.6,86.0,91.2,38.3
233,70965,Jo\u00e3o M\u00e1rio,Midfielder,261.0,Medium,54.2,4.1,76.6,33.3,81.5,9.9,30.6,8.6,75.7
234,28094,A. Badri,Forward,224.0,Medium,54.2,70.3,93.5,76.1,9.4,37.7,57.2,11.6,26.1
235,3306,Sergio Ramos,Defender,360.0,Medium,54.1,11.4,100.0,100.0,3.9,2.6,5.2,5.2,4.9
236,51145,O. Hiljemark,Midfielder,29.0,Low,54.1,81.1,35.6,40.1,48.6,64.0,85.1,92.3,65.3
237,8529,S. Larsson,Midfielder,317.0,Medium,54.1,46.4,49.1,87.4,69.8,9.5,98.2,95.5,17.6
238,32968,N. Amrabat,Forward,253.0,Medium,54.0,83.3,28.3,89.1,94.9,3.6,48.6,75.4,59.4
239,7972,L. Su\u00e1rez,Forward,450.0,High,54.0,38.4,5.1,81.9,96.4,32.6,73.9,88.4,86.2
240,125512,F. Calvo,Defender,105.0,Low,53.9,79.8,28.0,42.0,37.8,44.0,65.8,80.3,36.3
241,14909,P. Guerrero,Forward,208.0,Medium,53.8,28.3,46.4,8.0,71.0,89.9,78.3,89.9,67.0
242,119932,Mahmoud Kahraba,Midfielder,45.0,Low,53.8,71.2,17.6,42.8,42.3,58.1,88.3,79.3,95.0
243,375348,M. Wagu\u00e9,Defender,196.0,Medium,53.8,76.7,32.1,86.0,96.4,96.4,20.2,4.7,71.0
244,8247,T. Cahill,Forward,37.0,Low,53.7,51.4,53.6,55.1,60.1,46.0,46.4,52.9,34.1
245,241945,P. Sisto,Midfielder,215.0,Medium,53.7,24.8,36.0,35.6,83.3,45.5,7.7,13.5,88.7
246,354043,G. Chaalali,Midfielder,90.0,Low,53.6,62.6,16.7,65.3,24.5,46.6,69.4,28.6,98.6
247,101590,A. Dzagoev,Midfielder,24.0,Low,53.2,49.5,27.0,51.8,51.4,65.8,50.0,54.5,86.5
248,28907,Rapha\u00ebl Guerreiro,Defender,360.0,Medium,53.2,67.9,21.8,92.2,93.3,2.6,31.1,15.5,92.2
249,7918,P. Jones,Defender,180.0,Medium,53.1,29.5,79.8,77.2,30.1,40.7,25.9,46.6,72.3
250,91002,O. Murillo,Defender,90.0,Low,53.0,59.6,47.7,23.3,44.8,47.7,81.3,54.9,45.9
251,285508,K. Iheanacho,Forward,148.0,Low,52.9,35.5,58.0,68.1,74.6,10.9,18.1,23.9,68.8
252,101707,F. Smolov,Forward,160.0,Low,52.9,75.4,17.4,82.6,85.5,26.1,16.7,22.5,42.8
253,14943,M. Mand\u017euki\u0107,Forward,581.0,High,52.9,97.8,59.4,2.9,64.5,84.8,98.6,97.8,0.7
254,14744,W. Kvist,Midfielder,36.0,Low,52.9,47.7,58.1,52.7,45.7,60.8,43.2,49.3,60.1
255,388928,Amr Warda,Midfielder,146.0,Low,52.9,79.3,2.3,36.9,66.7,27.9,76.1,65.8,79.3
256,265366,W. Ndidi,Midfielder,270.0,Medium,52.9,99.1,82.4,69.4,10.8,50.0,90.5,33.1,2.7
257,26136,B. Mendy,Defender,41.0,Low,52.8,67.4,19.7,90.2,93.8,74.1,34.2,37.3,61.1
258,69616,A. Rebi\u0107,Forward,487.0,High,52.7,87.0,0.7,75.4,63.8,71.0,47.1,34.1,1.4
259,3346,Sergio Busquets,Midfielder,360.0,Medium,52.6,74.8,97.3,89.6,0.9,27.0,10.8,2.3,0.5
260,51064,E. Krafth,Defender,93.0,Low,52.6,88.6,10.9,54.4,82.4,53.9,56.5,52.8,39.4
261,15727,A. Bouhaddouz,Forward,21.0,Low,52.5,69.6,55.8,50.0,50.7,53.6,87.7,89.1,44.2
262,6509,Munir,Goalkeeper,270.0,Medium,52.4,4.9,61.0,26.8,48.8,51.2,64.6,28.0,68.3
263,70095,C. Rodr\u00edguez,Midfielder,165.0,Low,52.4,67.1,1.4,54.1,49.5,85.1,57.7,59.5,90.1
264,281254,K. Dolberg,Forward,17.0,Low,52.4,47.1,23.2,78.3,53.6,54.3,56.5,63.0,45.7
265,70122,N. Mati\u0107,Midfielder,270.0,Medium,52.3,80.2,73.9,61.7,34.2,4.5,39.6,33.1,11.5
266,120853,F. Sassi,Midfielder,195.0,Medium,52.2,18.5,49.5,94.6,88.7,12.2,75.7,50.0,9.5
267,70096,J. Rodr\u00edguez,Midfielder,152.0,Low,52.1,13.1,21.6,73.9,95.9,33.1,13.1,19.4,56.1
268,105333,Willian,Midfielder,363.0,Medium,52.1,33.3,33.8,6.8,89.2,60.4,14.4,20.3,97.3
269,26668,S. Khalifa,Forward,5.0,Low,52.0,87.7,20.3,65.2,61.2,61.2,90.6,90.6,53.3
270,3384,A. Guardado,Midfielder,307.0,Medium,51.9,43.2,82.9,27.9,13.5,32.0,86.9,61.7,91.9
271,3319,M. \u00d6zil,Midfielder,180.0,Medium,51.9,1.8,45.9,97.7,99.1,28.8,9.7,15.8,14.9
272,237274,N. Radonji\u0107,Midfielder,17.0,Low,51.8,56.1,23.0,55.4,53.6,68.5,76.6,84.2,71.2
273,69396,D. Vida,Defender,570.0,High,51.8,63.7,58.0,2.1,29.0,87.6,83.4,65.3,1.0
274,241134,I. D\u00edaz,Forward,27.0,Low,51.8,84.8,62.3,45.7,46.4,52.9,52.2,58.0,42.0
275,398219,Ali Al Bulayhi,Defender,90.0,Low,51.7,73.6,18.1,69.9,44.8,61.1,45.1,18.7,45.9
276,55957,J. Knudsen,Defender,90.0,Low,51.6,82.1,14.5,80.8,73.1,61.1,29.0,40.4,45.9
277,20579,M. Benatia,Defender,180.0,Medium,51.4,19.7,46.1,66.3,52.8,86.8,73.3,56.5,25.6
278,25888,F. Fajr,Midfielder,31.0,Low,51.2,35.1,24.8,60.8,71.6,63.1,46.6,51.6,63.7
279,99438,M. Pazdan,Defender,170.0,Low,51.2,49.7,29.0,94.3,69.9,43.5,31.6,48.7,30.8
280,12,K. Omeruo,Defender,180.0,Medium,51.0,57.5,23.3,30.6,30.1,40.7,92.7,93.3,72.3
281,40707,F\u00e1gner,Defender,360.0,Medium,51.0,30.6,59.1,78.2,81.9,19.2,36.3,27.7,53.6
282,125268,Y. Tejeda,Midfielder,7.0,Low,51.0,43.7,15.3,57.2,60.4,72.5,60.8,62.2,78.4
283,14731,M. G\u00f3mez,Forward,87.0,Low,50.9,23.9,61.6,24.6,34.1,83.3,68.8,79.7,17.4
284,14712,M. Neuer,Goalkeeper,270.0,Medium,50.8,85.4,92.7,31.7,48.8,51.2,82.9,52.4,7.3
285,101592,K. Honda,Midfielder,47.0,Low,50.8,41.9,29.7,70.3,57.7,98.6,38.7,45.9,54.5
286,246928,W. Barrios,Midfielder,239.0,Medium,50.8,93.7,51.4,67.1,9.5,20.7,92.3,95.9,32.4
287,135810,M. Pjaca,Forward,82.0,Low,50.7,24.6,15.2,80.4,79.7,27.5,31.2,36.2,20.3
288,86340,C. S\u00e1nchez,Midfielder,122.0,Low,50.7,62.2,6.3,40.5,75.7,76.1,68.5,83.8,68.9
289,26226,R. Sa\u00efss,Midfielder,180.0,Medium,50.7,95.0,87.4,30.2,10.1,22.5,99.1,99.1,30.6
290,70123,A. Witsel,Midfielder,540.0,High,50.5,58.1,100.0,62.2,5.0,11.3,18.0,71.4,27.0
291,14732,T. M\u00fcller,Forward,207.0,Medium,50.4,81.2,2.9,94.2,99.3,5.1,10.9,15.2,12.3
292,54,C. Eriksen,Midfielder,360.0,Medium,50.1,20.3,22.5,23.9,87.8,89.6,45.5,2.3,96.2
293,69964,J. Pivari\u0107,Defender,141.0,Low,50.1,66.8,4.7,81.3,90.2,36.8,47.7,43.5,97.4
294,55988,C. Bola\u00f1os,Midfielder,66.0,Low,50.1,15.3,31.5,70.7,59.9,52.7,32.4,37.8,73.0
295,116166,G. Varela,Defender,180.0,Medium,50.0,13.5,87.6,89.6,64.5,40.7,9.3,12.7,25.6
296,332821,T. Ebuehi,Defender,44.0,Low,49.9,30.1,71.5,65.8,67.1,72.8,32.4,33.4,59.8
297,209567,Se-Jong Ju,Midfielder,84.0,Low,49.9,28.8,10.8,41.0,85.1,50.5,24.3,35.1,83.8
298,29625,K. Bouta\u00efb,Forward,140.0,Low,49.8,37.7,87.7,15.9,8.0,87.7,18.8,24.6,8.0
299,26610,D. Sakho,Forward,4.0,Low,49.8,86.2,10.9,63.0,63.0,62.3,63.8,68.8,54.3
300,3269,Jordi Alba,Defender,360.0,Medium,49.7,3.1,93.3,94.8,94.3,71.2,7.8,9.1,4.9
301,1722,V. Fischer,Forward,32.0,Low,49.7,58.7,66.7,43.5,40.2,48.6,82.2,87.0,37.3
302,91381,J. Izquierdo,Forward,70.0,Low,49.6,26.1,39.9,70.3,55.1,33.3,36.2,42.0,24.6
303,116997,G. Torres,Forward,73.0,Low,49.6,52.2,70.3,42.8,22.5,63.0,34.4,40.2,23.6
304,3433,D. God\u00edn,Defender,450.0,High,49.6,38.3,74.1,19.2,9.1,46.1,66.8,75.1,2.1
305,49872,X. Shaqiri,Midfielder,351.0,Medium,49.5,13.5,7.2,86.5,78.4,84.2,6.8,23.0,61.7
306,265673,Bernardo Silva,Midfielder,238.0,Medium,49.5,38.3,12.6,74.8,57.2,7.2,77.9,40.5,64.4
307,216568,A. Gudmundsson,Forward,5.0,Low,49.5,62.3,13.8,61.6,61.2,61.2,63.0,68.1,53.3
308,7945,D. Welbeck,Forward,11.0,Low,49.5,53.6,27.5,55.8,57.2,57.2,60.1,65.2,47.8
309,61407,T. Rogi\u0107,Midfielder,226.0,Medium,49.3,5.0,68.0,33.8,42.8,80.6,6.3,12.6,96.8
310,61425,M. Milligan,Midfielder,270.0,Medium,49.2,53.8,99.5,63.5,3.6,15.3,96.4,99.5,25.7
311,119975,Mohamed Abdel-Shafi,Defender,270.0,Medium,49.2,76.2,30.6,71.5,60.6,27.2,18.7,35.5,89.6
312,207164,B. N'Diaye,Midfielder,81.0,Low,49.2,41.4,32.9,48.6,80.6,41.0,27.0,36.0,42.3
313,7849,W. Szcz\u0119sny,Goalkeeper,180.0,Medium,49.2,80.5,73.2,51.2,67.1,51.2,26.8,43.9,30.5
314,14862,J. Draxler,Midfielder,136.0,Low,49.1,6.8,81.5,61.3,72.1,77.0,15.8,23.4,23.9
315,3318,S. Khedira,Midfielder,118.0,Low,49.1,68.0,25.2,74.3,29.3,80.2,43.9,72.5,48.6
316,53562,S. Ghoddos,Forward,32.0,Low,49.0,31.2,54.3,57.2,40.2,44.2,82.2,54.3,37.3
317,50806,P. Jansson,Defender,95.0,Low,49.0,15.5,89.1,48.7,72.5,45.6,42.5,52.3,38.9
318,272829,R. Cheshmi,Defender,90.0,Low,48.8,42.2,65.8,15.0,44.8,47.7,72.3,71.8,45.9
319,25662,D. Ospina,Goalkeeper,360.0,Medium,48.8,30.5,34.1,9.8,28.0,51.2,8.5,65.9,46.3
320,4498,Lucas V\u00e1zquez,Forward,84.0,Low,48.7,55.8,12.3,77.5,78.3,26.8,70.3,34.8,18.8
321,14798,\u0141. Piszczek,Defender,173.0,Low,48.7,82.9,3.6,32.6,69.4,34.2,75.6,82.9,29.8
322,49977,M. Lang,Defender,102.0,Low,48.7,69.9,42.0,59.6,74.1,51.3,23.3,32.6,36.8
323,221039,H. Ziyech,Midfielder,265.0,Medium,48.5,78.4,23.9,39.6,12.6,77.9,29.3,70.3,87.8
324,332605,Ramadan Sobhi,Midfielder,56.0,Low,48.5,34.2,42.3,50.0,37.8,55.4,36.5,43.2,77.9
325,395636,Maxi G\u00f3mez,Forward,31.0,Low,48.5,74.6,47.1,39.1,58.0,49.6,49.6,55.4,81.9
326,122749,Muhannad Asiri,Forward,30.0,Low,48.4,61.6,35.5,38.0,43.8,76.1,83.3,87.7,40.2
327,403613,D. Arzani,Midfielder,60.0,Low,48.3,40.5,30.2,41.9,79.7,81.1,35.4,41.2,49.3
328,71703,V. Lindel\u00f6f,Defender,360.0,Medium,48.3,65.3,48.2,1.6,3.9,19.2,78.2,88.6,53.6
329,8325,S. Ag\u00fcero,Forward,178.0,Low,48.2,56.5,40.6,29.0,26.1,97.1,13.8,18.8,35.1
330,346101,T. Alexander-Arnold,Defender,79.0,Low,48.1,48.2,47.2,47.7,85.5,68.4,49.2,61.7,56.2
331,21333,Y. Benalouane,Defender,49.0,Low,48.1,55.4,24.4,22.3,55.4,69.4,90.2,30.6,58.5
332,20517,Y. Nagatomo,Defender,360.0,Medium,48.1,24.4,53.4,43.0,91.2,19.2,71.5,67.4,4.9
333,114709,L. Adv\u00edncula,Defender,270.0,Medium,48.0,61.7,44.0,32.1,24.1,70.2,54.1,78.2,89.6
334,7847,\u0141. Fabia\u0144ski,Goalkeeper,90.0,Low,48.0,47.6,80.5,61.0,84.1,51.2,42.7,36.6,26.8
335,3445,E. Salvio,Midfielder,146.0,Low,47.9,76.1,41.0,35.1,29.7,35.1,89.2,82.4,57.7
336,125260,D. Guzm\u00e1n,Midfielder,247.0,Medium,47.9,88.3,47.3,37.8,50.0,18.9,95.0,97.7,16.2
337,3795,H. Moreno,Defender,270.0,Medium,47.9,33.7,60.6,63.7,36.8,78.0,33.4,35.5,89.6
338,11066,R. Sterling,Forward,457.0,High,47.8,11.6,92.8,15.2,81.9,1.4,0.7,1.4,25.4
339,8297,G. dos Santos,Forward,13.0,Low,47.7,72.8,24.6,54.3,56.5,55.4,58.3,64.1,46.7
340,101953,A. Erokhin,Midfielder,36.0,Low,47.7,63.1,18.0,51.4,45.7,42.8,71.6,49.3,60.1
341,3353,Iniesta,Midfielder,254.0,Medium,47.6,3.6,41.4,96.4,81.1,44.6,5.0,10.4,15.3
342,120898,A. Mathlouthi,Goalkeeper,90.0,Low,47.6,47.6,68.3,36.6,84.1,51.2,42.7,56.1,18.3
343,55983,R. Sigur\u00f0sson,Defender,226.0,Medium,47.5,79.3,49.7,3.1,22.8,35.5,58.0,69.4,18.7
344,18669,J. Hector,Defender,165.0,Low,47.3,35.8,70.5,38.9,76.2,82.9,44.0,50.8,32.1
345,7954,S. Coates,Defender,90.0,Low,47.2,34.2,82.9,56.0,44.8,61.1,15.8,18.7,45.9
346,51004,C. Borges,Midfielder,270.0,Medium,47.2,22.5,74.3,47.3,52.9,74.3,66.7,87.4,39.0
347,265865,S. Milinkovi\u0107-Savi\u0107,Midfielder,270.0,Medium,47.2,61.0,11.7,73.0,87.4,2.0,73.4,80.2,2.7
348,95299,Min-Woo Kim,Midfielder,145.0,Low,47.2,24.3,13.1,46.4,93.7,36.3,91.4,90.1,58.3
349,14908,M. Berg,Forward,427.0,Medium,47.1,15.9,98.6,8.7,4.3,76.8,20.3,16.7,81.2
350,49876,G. Xhaka,Midfielder,360.0,Medium,47.0,21.2,97.7,88.7,5.9,86.5,80.6,91.9,21.6
351,61949,M. Lustig,Defender,352.0,Medium,46.9,94.8,8.8,4.1,95.3,10.4,79.8,83.4,6.7
352,25726,K. Koulibaly,Defender,270.0,Medium,46.8,15.0,45.6,63.2,27.2,27.2,63.2,59.6,63.7
353,333571,L. Torreira,Midfielder,304.0,Medium,46.8,92.3,64.4,41.4,17.6,10.8,96.8,94.1,18.0
354,120269,Essam El Hadary,Goalkeeper,90.0,Low,46.7,90.2,43.9,22.0,84.1,51.2,42.7,84.1,12.2
355,256043,Hyun-Woo Cho,Goalkeeper,270.0,Medium,46.7,35.4,17.1,68.3,48.8,51.2,91.5,73.2,50.0
356,91502,A. Uribe,Midfielder,152.0,Low,46.7,76.6,53.2,64.4,20.0,86.9,85.6,64.6,19.4
357,437417,Tarek Hamed,Midfielder,230.0,Medium,46.6,91.0,41.9,48.2,16.7,21.2,79.3,42.8,35.1
358,56146,R. G\u00edslason,Forward,117.0,Low,46.6,33.3,52.9,31.9,84.1,17.4,59.4,74.6,29.7
359,102157,Y. Gazinskiy,Midfielder,237.0,Medium,46.4,87.8,34.7,25.7,18.9,92.6,90.1,89.6,64.9
360,50023,J. Drmic,Forward,111.0,Low,46.4,6.5,73.2,12.3,14.5,85.5,27.5,31.9,13.0
361,149050,M. Hassen,Goalkeeper,15.0,Low,46.3,51.2,14.6,58.5,95.1,51.2,61.0,87.8,36.6
362,15199,M. Gavranovi\u0107,Forward,113.0,Low,46.3,8.7,69.6,52.2,21.0,42.4,25.0,29.3,31.2
363,383,D. Tadi\u0107,Midfielder,270.0,Medium,46.3,50.5,27.5,43.2,98.6,42.3,25.9,33.1,11.5
364,135207,H. Magn\u00fasson,Defender,270.0,Medium,46.2,91.7,2.1,0.5,14.2,15.0,90.7,89.6,12.2
365,20938,V. Behrami,Midfielder,311.0,Medium,46.2,72.1,98.6,14.0,1.4,5.4,9.0,4.1,45.0
366,116269,D. Laxalt,Midfielder,301.0,Medium,46.1,70.7,17.1,34.7,47.3,11.7,91.0,96.4,60.8
367,340646,B. Pavard,Defender,540.0,High,46.1,34.7,15.0,40.4,72.0,91.2,94.3,63.5,58.0
368,3310,Marcelo,Defender,280.0,Medium,46.1,77.2,3.1,98.4,97.9,83.4,5.7,9.8,77.2
369,241647,S. Ezatolahi,Midfielder,166.0,Low,45.9,96.8,53.6,16.2,12.2,73.9,100.0,100.0,50.9
370,38093,M. Batshuayi,Forward,112.0,Low,45.9,20.3,64.5,11.6,13.4,94.2,26.8,30.8,31.9
371,273683,F. Escobar,Defender,270.0,Medium,45.9,71.8,71.0,16.6,14.2,27.2,24.4,49.7,12.2
372,94695,H. Sakai,Defender,360.0,Medium,45.9,22.8,22.3,58.0,62.7,8.0,80.3,67.4,53.6
373,70389,C\u00e9dric Soares,Defender,270.0,Medium,45.8,58.0,2.6,89.1,70.5,27.2,33.4,10.6,63.7
374,28115,N. Fekir,Midfielder,70.0,Low,45.7,64.9,18.5,44.6,31.1,90.1,78.8,75.7,69.4
375,10014,S. Ben Youssef,Defender,131.0,Low,45.6,83.4,39.9,3.6,34.7,50.8,55.4,73.6,35.2
376,7860,T. Vermaelen,Defender,134.0,Low,45.6,29.0,77.2,35.8,33.9,50.0,40.4,45.1,75.6
377,213364,G. De Arrascaeta,Midfielder,86.0,Low,45.5,29.7,43.2,50.5,64.4,49.1,59.7,30.4,39.9
378,122940,Yasir Al Shahrani,Defender,270.0,Medium,45.5,37.3,26.4,53.9,83.4,70.2,64.5,59.6,96.9
379,8625,V. Moses,Midfielder,270.0,Medium,45.4,92.8,12.2,5.9,62.8,2.0,93.2,92.8,53.4
380,107548,Shin-Wook Kim,Forward,66.0,Low,45.4,57.2,71.0,51.4,25.0,34.1,37.3,43.8,26.8
381,99833,B. Bereszy\u0144ski,Defender,169.0,Low,45.3,56.0,56.0,59.1,90.7,44.6,10.4,15.0,31.6
382,32798,G. Svensson,Midfielder,133.0,Low,45.3,88.7,86.9,8.1,16.2,39.2,99.5,98.6,26.6
383,120339,Mohamed Elneny,Midfielder,244.0,Medium,45.2,36.5,90.1,38.7,14.4,6.3,67.1,74.1,46.4
384,209354,F. Ben Youssef,Forward,270.0,Medium,45.1,90.6,60.9,34.8,12.3,72.5,97.8,100.0,64.9
385,101620,M. da Costa,Defender,190.0,Medium,45.1,49.2,14.0,49.2,51.8,11.9,67.9,86.5,21.8
386,100140,J. G\u00f3ralski,Midfielder,180.0,Medium,45.0,75.7,79.3,12.6,10.1,22.5,77.5,55.0,47.3
387,116349,M. Vecino,Midfielder,416.0,Medium,45.0,74.3,60.4,84.2,1.8,25.2,34.7,39.6,4.1
388,51262,I. Kiese Thelin,Forward,37.0,Low,44.9,76.8,16.3,79.0,38.4,46.0,80.8,85.9,63.4
389,101669,A. Dzyuba,Forward,333.0,Medium,44.9,63.0,79.7,10.9,2.2,87.0,89.9,94.2,50.0
390,7934,J. Lingard,Midfielder,500.0,High,44.9,8.6,95.5,29.3,86.0,82.9,18.5,0.9,5.0
391,275243,S. Khaoui,Midfielder,90.0,Low,44.8,17.8,63.1,59.0,24.5,40.1,22.1,28.6,59.5
392,15125,M. Plattenhardt,Defender,79.0,Low,44.7,6.2,80.3,57.0,84.5,88.1,35.2,23.8,56.2
393,333803,M. Mohammadi,Defender,55.0,Low,44.6,95.9,17.6,21.8,54.4,68.9,43.0,51.8,57.5
394,79248,E. Hajsafi,Defender,215.0,Medium,44.6,53.4,37.3,5.2,24.9,36.3,82.4,82.4,19.7
395,295747,D. Bronn,Defender,114.0,Low,44.4,45.1,33.7,41.5,68.9,98.4,57.5,29.5,35.8
396,32793,A. N'Diaye,Midfielder,152.0,Low,44.4,53.2,64.0,28.8,20.0,33.1,62.2,64.6,56.1
397,107529,Yong Lee,Defender,270.0,Medium,44.4,93.8,5.7,31.6,61.9,15.0,46.4,59.6,89.6
398,25437,B. Matuidi,Midfielder,336.0,Medium,44.3,58.6,65.8,9.0,8.6,32.4,44.6,55.4,79.7
399,114813,C. Cueva,Midfielder,262.0,Medium,44.2,36.9,14.4,68.5,97.7,17.1,13.5,36.9,3.6
400,101647,F. Kudryashov,Defender,274.0,Medium,44.2,22.3,64.8,36.8,60.1,22.3,52.8,57.5,61.7
401,288091,Marco Asensio,Midfielder,130.0,Low,44.1,11.7,75.2,32.4,73.4,74.8,17.1,23.9,27.9
402,131602,A. Arroyo,Forward,30.0,Low,44.0,52.9,43.5,38.0,43.8,50.7,50.7,56.5,40.2
403,20876,A. Ekdal,Midfielder,421.0,Medium,44.0,91.4,54.1,9.9,7.7,0.5,50.5,76.6,56.8
404,134387,L. Goretzka,Midfielder,63.0,Low,44.0,32.0,67.6,27.5,45.0,83.3,33.8,40.1,47.7
405,10131,J. Pickford,Goalkeeper,660.0,High,43.9,58.5,19.5,87.8,2.4,51.2,22.0,31.7,80.5
406,89186,P. Dybala,Forward,22.0,Low,43.8,60.9,21.0,56.5,50.0,47.8,55.8,60.9,43.5
407,70144,A. Rodr\u00edguez,Defender,136.0,Low,43.8,50.3,86.5,24.9,33.2,37.3,13.5,24.9,34.2
408,7887,G. Cahill,Defender,90.0,Low,43.7,31.9,84.5,29.5,44.8,61.1,29.0,40.4,45.9
409,120900,R. Bedoui,Defender,90.0,Low,43.7,12.7,66.8,79.3,44.8,85.8,15.8,18.7,45.9
410,70083,Danilo,Defender,90.0,Low,43.5,21.8,58.5,64.8,58.3,61.1,29.0,40.4,45.9
411,59083,G. G\u00f3mez,Midfielder,249.0,Medium,43.5,77.5,95.9,7.7,6.3,56.8,32.0,73.4,30.2
412,40550,Paulinho,Midfielder,353.0,Medium,43.3,20.7,88.3,20.7,77.9,94.6,1.4,3.2,9.0
413,20941,A. Ljaji\u0107,Forward,171.0,Low,43.3,17.4,65.9,58.0,37.0,12.3,14.5,19.6,38.4
414,114864,L. Tejada,Forward,51.0,Low,43.1,34.8,51.4,47.1,32.6,41.3,41.3,50.0,27.5
415,340386,Gabriel Jesus,Forward,410.0,Medium,42.9,89.9,87.0,13.0,69.6,2.2,21.7,47.1,71.7
416,8126,Jos\u00e9 Fonte,Defender,360.0,Medium,42.7,58.5,52.8,9.3,3.9,8.0,50.0,76.2,73.8
417,227059,Gelson Martins,Forward,31.0,Low,42.7,71.0,38.4,40.6,42.0,49.6,49.6,55.4,39.1
418,5295,O. Ighalo,Forward,122.0,Low,42.6,73.9,75.4,14.5,10.9,69.6,97.1,99.3,28.3
419,3305,Pepe,Defender,360.0,Medium,42.6,57.0,38.9,24.4,3.9,93.0,50.0,62.2,73.8
420,101699,A. Samedov,Midfielder,359.0,Medium,42.5,16.7,69.8,31.1,73.0,3.6,15.3,22.5,22.1
421,77521,A. Gunnarsson,Midfielder,253.0,Medium,42.4,69.8,59.9,31.5,35.1,55.9,31.5,73.0,15.8
422,4814,A. Aguilar,Midfielder,32.0,Low,42.3,27.9,27.9,45.5,47.7,62.6,45.9,50.9,62.6
423,3434,Filipe Luis,Defender,170.0,Low,42.2,43.0,42.5,73.6,59.1,82.4,9.8,14.5,30.8
424,14872,J. Farf\u00e1n,Forward,129.0,Low,42.2,42.0,79.0,33.3,19.6,37.0,99.3,94.9,9.4
425,28922,T. Lemar,Midfielder,90.0,Low,41.9,17.8,70.3,43.7,40.5,46.6,22.1,28.6,37.4
426,69353,L. Kalini\u0107,Goalkeeper,90.0,Low,41.9,73.2,26.8,24.4,84.1,51.2,42.7,80.5,18.3
427,120000,Mohamed El Shenawy,Goalkeeper,180.0,Medium,41.9,87.8,36.6,78.0,67.1,51.2,26.8,58.5,30.5
428,26022,L. Gassama,Defender,90.0,Low,41.8,77.7,50.8,22.8,44.8,61.1,15.8,18.7,45.9
429,292954,Mohammed Al Burayk,Defender,270.0,Medium,41.6,61.7,9.3,76.7,61.9,15.0,18.7,35.5,63.7
430,20751,J. Cuadrado,Midfielder,301.0,Medium,41.5,22.1,9.9,63.1,78.8,88.7,72.5,77.0,33.8
431,49855,Y. Sommer,Goalkeeper,360.0,Medium,41.5,82.9,41.5,4.9,28.0,51.2,78.0,48.8,34.1
432,397178,M. Rashford,Forward,202.0,Medium,41.3,25.4,44.2,31.2,49.3,40.6,11.6,15.9,69.6
433,237034,Gon\u00e7alo Guedes,Forward,244.0,Medium,41.3,41.3,96.4,34.1,18.8,15.9,71.0,44.9,19.6
434,16443,L. Balogun,Defender,270.0,Medium,41.1,61.7,34.2,14.5,14.2,84.5,54.1,49.7,12.2
435,286390,O. Demb\u00e9l\u00e9,Forward,164.0,Low,40.9,49.3,29.7,88.4,39.1,6.5,15.2,21.0,62.3
436,246946,E. Skhiri,Midfielder,270.0,Medium,40.9,36.0,85.1,26.1,3.6,15.3,25.9,33.1,53.4
437,93,J. Gu\u00f0munds\u00adson,Midfielder,153.0,Low,40.8,51.8,31.1,13.5,52.3,75.2,75.2,81.5,55.4
438,99479,\u0141. Teodorczyk,Forward,29.0,Low,40.8,47.8,23.9,42.0,45.7,51.4,51.4,57.2,41.3
439,248328,Mohammed Al Owais,Goalkeeper,90.0,Low,40.7,22.0,22.0,34.1,84.1,51.2,42.7,46.3,53.7
440,3463,F. Fazio,Defender,44.0,Low,40.6,26.4,43.5,60.1,67.1,72.8,32.4,33.4,59.8
441,225324,R. Kurzawa,Midfielder,79.0,Low,40.5,39.2,19.4,29.7,28.8,41.4,61.7,75.2,85.6
442,13484,D. Alli,Midfielder,364.0,Medium,40.5,90.5,5.0,32.0,67.6,90.5,5.9,1.4,7.7
443,3551,W. Caballero,Goalkeeper,180.0,Medium,40.2,39.0,2.4,39.0,67.1,51.2,26.8,40.2,78.0
444,238055,A. Nabbout,Forward,139.0,Low,40.2,5.1,91.3,36.2,16.7,16.7,19.6,25.4,79.7
445,240042,D. Kownacki,Forward,74.0,Low,40.2,36.2,5.8,60.9,37.7,56.5,33.3,39.1,22.5
446,112392,R. Jim\u00e9nez,Forward,54.0,Low,40.0,40.6,18.8,71.0,31.9,38.4,40.6,47.8,90.6
447,116293,H. Cummings,Defender,44.0,Low,40.0,54.9,30.1,26.4,56.2,72.8,48.4,53.6,59.8
448,396475,A. Hakimi,Defender,270.0,Medium,40.0,36.3,25.4,28.5,36.8,27.2,69.7,59.6,78.2
449,122562,Yasser Al Mosailem,Goalkeeper,90.0,Low,39.8,73.2,63.4,53.7,84.1,51.2,42.7,17.1,39.0
450,114798,P. Gallese,Goalkeeper,270.0,Medium,39.8,68.3,48.8,65.9,48.8,51.2,17.1,20.7,50.0
451,220112,Tr\u00e9z\u00e9guet,Midfielder,239.0,Medium,39.8,45.0,16.2,8.6,35.6,25.7,16.7,11.7,93.7
452,14804,J. B\u0142aszczykowski,Midfielder,46.0,Low,39.8,27.0,44.6,30.6,41.9,57.7,39.2,46.4,55.0
453,11155,B. Ruiz,Midfielder,270.0,Medium,39.8,50.5,5.9,47.7,41.4,15.3,11.7,33.1,53.4
454,209792,B. Idowu,Defender,226.0,Medium,39.8,64.8,35.8,50.3,79.8,35.5,8.3,3.6,69.7
455,285538,M. Hosseini,Defender,192.0,Medium,39.6,20.7,67.9,11.4,28.0,38.3,58.5,65.8,21.2
456,8317,David Silva,Midfielder,327.0,Medium,39.5,9.0,86.0,42.3,54.5,2.7,18.9,24.5,5.9
457,86414,A. Godoy,Midfielder,243.0,Medium,39.5,28.4,87.8,68.0,9.0,6.8,48.6,38.3,4.5
458,114723,Y. Yot\u00fan,Midfielder,182.0,Medium,39.3,39.6,50.0,69.8,23.0,58.6,73.9,14.9,14.0
459,50798,R. Olsen,Goalkeeper,450.0,High,39.0,24.4,46.3,80.5,15.9,51.2,69.5,9.8,61.0
460,32641,F. Muslera,Goalkeeper,450.0,High,39.0,26.8,87.8,56.1,15.9,51.2,2.4,4.9,24.4
461,20766,H. Seferovi\u0107,Forward,142.0,Low,38.9,64.5,78.3,25.4,15.9,36.2,95.7,98.6,7.2
462,58105,J. B\u00f6\u00f0varsson,Forward,71.0,Low,38.9,67.4,63.8,37.0,23.2,31.9,35.5,41.3,51.4
463,255738,J. Lerma,Midfielder,176.0,Low,38.5,17.1,40.5,45.0,58.1,30.2,84.2,87.8,31.5
464,146459,M. Meza,Midfielder,207.0,Medium,38.5,44.6,36.5,18.5,51.8,66.2,19.4,47.3,41.0
465,79449,M. Pouraliganji,Defender,270.0,Medium,38.3,16.3,66.3,1.0,14.2,27.2,69.7,78.2,12.2
466,135927,Andr\u00e9 Silva,Forward,112.0,Low,38.3,14.5,84.8,35.5,13.4,19.6,60.9,30.8,76.1
467,15781,Ja-Cheol Koo,Midfielder,129.0,Low,38.3,55.4,61.3,10.4,36.0,31.5,88.7,68.9,28.4
468,131862,L. Ovalle,Defender,90.0,Low,38.3,40.7,20.7,46.6,44.8,61.1,45.1,40.4,81.1
469,134702,L. Dendoncker,Midfielder,90.0,Low,38.1,33.8,73.0,21.6,24.5,46.6,74.3,86.0,37.4
470,8464,F. Delph,Midfielder,220.0,Medium,37.9,14.0,66.7,79.7,22.5,56.3,55.4,44.6,6.8
471,70156,A. Carrillo,Midfielder,259.0,Medium,37.8,7.2,20.7,36.0,96.4,95.5,4.5,9.5,28.8
472,122651,Omar Hawsawi,Defender,90.0,Low,37.8,19.2,38.3,21.2,44.8,61.1,72.3,54.9,45.9
473,116364,E. Davis,Defender,180.0,Medium,37.7,5.7,32.6,73.1,78.0,40.7,39.4,56.5,25.6
474,122671,Mohammad Al Sahlawi,Forward,97.0,Low,37.7,12.3,89.9,21.0,17.4,22.5,29.7,33.3,15.9
475,26196,D. Sidib\u00e9,Defender,90.0,Low,37.6,25.9,13.0,95.9,78.8,61.1,15.8,18.7,45.9
476,4513,D. Cheryshev,Midfielder,273.0,Medium,37.6,68.9,0.9,11.7,15.3,100.0,2.7,5.4,91.0
477,70136,S. Arias,Defender,386.0,Medium,37.6,74.6,35.2,38.3,53.9,11.4,2.1,7.8,96.4
478,7910,David de Gea,Goalkeeper,360.0,Medium,37.4,7.3,95.1,2.4,28.0,51.2,8.5,12.2,4.9
479,122615,Hattan Bahbir,Midfielder,156.0,Low,37.4,11.3,28.4,26.6,43.7,81.5,12.6,18.5,77.0
480,403546,Lee Seung-Woo,Forward,44.0,Low,37.3,50.0,9.4,60.1,36.2,43.5,44.2,51.4,30.4
481,79006,S. Azmoun,Forward,270.0,Medium,37.3,54.3,50.7,71.7,15.2,11.6,85.9,83.7,48.9
482,55977,C. Gamboa,Defender,258.0,Medium,37.2,9.3,29.5,57.5,80.3,85.0,52.3,11.4,17.1
483,120839,A. Ma\u00e2loul,Defender,180.0,Medium,37.0,33.2,11.4,77.7,86.0,40.7,25.9,29.0,25.6
484,349687,Hwang Hee-Chan,Forward,214.0,Medium,37.0,93.5,56.5,30.4,42.8,18.1,61.6,50.7,3.6
485,237836,V. Amiri,Midfielder,266.0,Medium,36.9,9.9,39.6,24.8,68.9,5.0,28.8,69.8,41.4
486,372915,A. Harit,Midfielder,80.0,Low,36.8,15.8,22.1,37.4,43.2,79.3,28.4,36.5,65.8
487,25706,I. Gueye,Midfielder,270.0,Medium,36.8,68.5,77.0,23.4,3.6,15.3,87.4,68.2,11.5
488,70381,Ricardo Pereira,Defender,90.0,Low,36.6,18.1,36.8,75.6,80.8,61.1,15.8,18.7,45.9
489,241077,Y. B\u00e1rcenas,Midfielder,222.0,Medium,36.4,8.1,44.1,20.3,89.6,44.1,7.2,13.1,20.0
490,15080,N. J\u00f8rgensen,Forward,182.0,Medium,36.4,58.0,6.5,23.9,93.5,21.7,69.6,60.1,89.1
491,55982,B. Oviedo,Defender,180.0,Medium,36.4,72.5,36.3,10.9,78.0,80.1,25.9,46.6,25.6
492,14929,M. Hasebe,Midfielder,278.0,Medium,36.3,75.2,85.6,17.1,2.3,13.5,64.4,67.1,1.4
493,99381,A. J\u0119drzejczyk,Defender,90.0,Low,36.3,11.9,41.5,62.7,83.9,61.1,29.0,18.7,45.9
494,37824,T. Meunier,Defender,450.0,High,36.1,2.1,24.9,90.7,99.5,93.8,26.9,31.3,97.9
495,220971,D. Kuzyaev,Midfielder,273.0,Medium,36.0,81.5,74.8,2.3,11.7,48.6,86.0,86.9,9.9
496,262048,Al. Miranchuk,Midfielder,60.0,Low,36.0,54.5,11.3,28.4,36.5,55.0,35.4,41.2,49.3
497,101682,V. Granat,Defender,44.0,Low,35.8,37.8,31.1,25.9,56.2,72.8,48.4,53.6,59.8
498,49862,Joo-Ho Park,Defender,28.0,Low,35.8,23.3,27.5,53.4,75.1,75.1,38.9,44.6,66.8
499,125273,D. Colindres,Forward,98.0,Low,35.7,92.8,2.2,41.3,80.4,18.8,29.0,32.6,14.5
500,142,K. El Ahmadi,Midfielder,266.0,Medium,35.7,42.3,89.6,14.4,4.5,9.0,67.6,81.1,27.5
501,3450,R. Falcao,Forward,347.0,Medium,35.5,8.0,57.2,2.2,3.6,79.0,79.7,79.0,15.2
502,135150,A. Cornelius,Forward,161.0,Low,35.1,29.7,58.7,23.2,27.5,31.2,43.5,65.9,6.5
503,14817,R. Lewandowski,Forward,270.0,Medium,35.1,21.0,94.9,18.1,6.5,21.0,44.9,73.9,48.9
504,552555,A. El Kaabi,Forward,95.0,Low,35.1,13.0,85.5,13.8,18.1,23.2,67.4,77.5,16.7
505,37725,C. Kouyat\u00e9,Midfielder,118.0,Low,35.0,41.0,71.2,14.9,18.5,40.5,43.9,25.2,29.7
506,285491,F. Uzoho,Goalkeeper,270.0,Medium,35.0,43.9,12.2,63.4,48.8,51.2,82.9,34.1,58.5
507,51132,E. Forsberg,Midfielder,417.0,Medium,34.4,31.5,59.5,0.9,8.1,86.0,29.7,39.2,72.1
508,15054,M. Diouf,Forward,66.0,Low,34.3,43.5,60.1,22.5,25.0,29.7,37.3,43.8,55.1
509,299618,N. N\u00e1ndez,Midfielder,294.0,Medium,34.3,5.4,36.9,55.0,39.6,43.2,41.4,26.1,34.7
510,214220,Alisson,Goalkeeper,450.0,High,34.1,61.0,97.6,17.1,15.9,51.2,53.7,2.4,2.4
511,8192,M. Olsson,Defender,33.0,Low,34.1,20.2,33.2,45.6,65.3,74.6,37.3,43.0,86.0
512,94650,G. Haraguchi,Midfielder,246.0,Medium,34.0,80.6,62.6,3.2,6.8,91.0,80.2,88.7,16.7
513,8306,A. Kolarov,Defender,270.0,Medium,33.9,44.3,22.8,49.7,79.3,15.0,18.7,35.5,12.2
514,4501,Daniel Carvajal,Defender,200.0,Medium,33.7,21.2,49.2,60.6,97.4,21.8,3.6,4.1,20.7
515,139075,R. Tapia,Midfielder,150.0,Low,33.6,82.9,37.4,13.1,14.0,34.0,82.4,89.2,20.9
516,139391,Motaz Hawsawi,Defender,90.0,Low,33.5,36.8,46.6,35.0,44.8,61.1,15.8,18.7,93.5
517,86722,N. Tagliafico,Defender,350.0,Medium,33.5,35.2,45.1,52.8,66.3,3.6,1.0,0.5,75.1
518,7850,J. Djourou,Defender,90.0,Low,33.4,12.7,57.0,35.0,44.8,61.1,29.0,40.4,45.9
519,69978,T. Juri\u0107,Forward,94.0,Low,33.3,21.7,31.2,47.8,29.7,24.6,68.1,78.3,83.3
520,257800,A. Golovin,Midfielder,372.0,Medium,33.3,26.1,7.7,4.1,84.7,3.2,5.4,18.9,44.1
521,26010,O. Giroud,Forward,546.0,High,33.0,48.6,37.7,10.1,83.3,0.7,79.0,92.8,2.2
522,3509,M. Shojaei,Midfielder,65.0,Low,32.9,52.3,13.5,18.0,33.8,53.2,32.9,38.7,46.8
523,8945,K. Trippier,Defender,550.0,High,32.8,25.4,7.8,91.7,96.9,4.7,6.2,7.3,20.2
524,8249,M. Fellaini,Midfielder,316.0,Medium,32.6,83.3,72.5,3.6,2.7,89.2,78.4,90.5,0.9
525,49997,S. Zuber,Midfielder,257.0,Medium,32.5,30.2,14.9,6.3,68.5,95.9,68.9,88.3,42.8
526,128214,A. Mitrovi\u0107,Forward,269.0,Medium,32.4,63.8,41.3,1.4,0.7,86.2,92.8,97.1,5.1
527,125848,A. Machado,Defender,90.0,Low,32.3,28.2,26.9,29.0,44.8,61.1,45.1,40.4,45.9
528,21169,B. D\u017eemaili,Midfielder,326.0,Medium,32.2,2.7,71.6,22.5,22.1,95.0,40.5,3.6,41.9
529,20465,S. Lichtsteiner,Defender,267.0,Medium,31.9,51.3,6.2,67.4,81.3,32.4,2.6,1.6,65.8
530,127796,F. Kosti\u0107,Midfielder,166.0,Low,31.7,12.2,8.6,27.0,75.2,26.4,31.1,17.8,35.6
531,173214,T. Werner,Forward,266.0,Medium,31.5,68.8,21.7,19.6,79.0,5.8,22.5,37.7,29.0
532,361536,R. Avila,Midfielder,108.0,Low,31.4,5.9,66.2,23.0,28.4,35.6,65.8,25.7,33.3
533,69409,\u0160. Vrsaljko,Defender,577.0,High,31.3,17.1,4.1,92.7,98.4,0.5,11.4,24.4,0.5
534,90991,F. Armani,Goalkeeper,180.0,Medium,31.3,97.6,9.8,7.3,67.1,51.2,73.2,40.2,43.9
535,89073,M. Acu\u00f1a,Midfielder,90.0,Low,31.2,77.0,1.8,15.3,24.5,46.6,22.1,28.6,37.4
536,56026,J. Stryger Larsen,Defender,270.0,Medium,30.4,3.9,69.4,6.7,27.2,75.9,41.7,35.5,63.7
537,125284,J. Acosta,Defender,270.0,Medium,30.4,9.8,77.7,11.9,14.2,27.2,22.0,22.5,12.2
538,133897,K. N'Diaye,Goalkeeper,270.0,Medium,30.1,35.4,4.9,85.4,48.8,51.2,91.5,20.7,64.6
539,61367,J. Risdon,Defender,270.0,Medium,30.0,41.5,1.0,55.4,14.2,27.2,22.0,22.5,89.6
540,138633,Hyun-Soo Jang,Defender,270.0,Medium,29.9,26.9,44.6,12.4,14.2,27.2,35.8,59.6,95.9
541,114762,\u00c9. Flores,Midfielder,242.0,Medium,29.7,64.4,19.8,24.3,34.7,47.7,23.9,11.3,5.4
542,25998,Y. Belhanda,Midfielder,228.0,Medium,29.6,34.7,29.3,16.7,49.1,79.7,84.7,91.0,18.5
543,103682,R. Zobnin,Midfielder,450.0,High,29.5,100.0,4.1,15.8,26.1,43.7,86.5,63.1,1.8
544,38084,B. Bjarnason,Midfielder,270.0,Medium,29.5,50.5,34.2,9.5,27.7,38.1,19.8,6.8,25.7
545,122577,Taisir Al Jassim,Midfielder,134.0,Low,29.5,9.5,77.9,19.4,15.8,38.7,38.3,67.6,24.8
546,224593,J. Kimmich,Defender,270.0,Medium,29.1,1.0,16.1,97.9,100.0,6.2,1.6,6.0,12.2
547,79098,R. Rezaeian,Defender,270.0,Medium,29.0,7.3,10.4,51.8,77.2,27.2,46.4,59.6,94.3
548,14763,S. Okazaki,Forward,67.0,Low,28.8,95.7,30.4,32.6,23.9,28.3,75.4,82.6,73.9
549,14922,R. Rodr\u00edguez,Defender,360.0,Medium,28.5,8.3,11.9,71.0,94.8,51.8,22.8,44.0,4.9
550,261127,A. Januzaj,Midfielder,86.0,Low,27.8,16.2,26.1,19.8,36.9,97.7,59.7,30.4,39.9
551,101796,M. Ure\u00f1a,Forward,121.0,Low,27.7,7.2,52.2,7.2,11.6,39.9,23.2,27.5,11.6
552,55968,M. Braithwaite,Forward,250.0,Medium,27.5,37.0,84.1,0.7,1.4,23.9,26.1,42.8,60.1
553,26100,N. Sliti,Midfielder,182.0,Medium,27.4,21.6,5.4,12.2,31.5,45.0,50.9,54.1,66.2
554,14836,T. Inui,Midfielder,292.0,Medium,27.4,32.9,23.4,2.7,70.7,99.1,10.4,26.6,7.2
555,112366,M. Lay\u00fan,Defender,313.0,Medium,27.3,0.5,39.4,65.3,75.6,88.6,4.1,3.1,100.0
556,101857,Y. Zhirkov,Midfielder,222.0,Medium,26.8,56.8,6.8,39.2,11.3,23.9,91.9,96.8,20.0
557,20764,L. Muriel,Forward,61.0,Low,26.4,85.5,4.3,39.9,26.8,34.8,39.1,45.7,87.7
558,20460,M. C\u00e1ceres,Defender,450.0,High,26.4,7.8,6.7,80.3,74.6,37.8,10.9,13.5,85.2
559,51625,Seon-Min Moon,Midfielder,145.0,Low,26.0,18.9,25.7,5.4,21.6,36.3,14.0,21.2,58.3
560,122623,Fahad Al Muwallad,Forward,183.0,Medium,25.9,4.3,81.2,3.6,8.7,10.1,12.3,17.4,32.6
561,26518,C. S\u00e1nchez,Midfielder,259.0,Medium,25.7,10.8,91.4,7.2,5.4,18.0,64.0,9.5,13.5
562,33032,K. Grosicki,Midfielder,213.0,Medium,25.5,19.4,4.5,4.5,60.8,51.8,8.1,14.0,38.3
563,25776,W. Khazri,Midfielder,264.0,Medium,25.5,2.3,30.6,1.4,80.2,99.5,4.1,8.1,13.1
564,212604,T. Jedvaj,Defender,90.0,Low,25.4,10.9,43.0,18.7,63.5,61.1,29.0,18.7,93.5
565,79381,A. Jahanbakhsh,Forward,168.0,Low,25.4,78.3,22.5,29.7,20.3,29.0,93.5,20.3,75.4
566,14812,I. Peri\u0161i\u0107,Midfielder,630.0,High,25.3,25.7,0.5,0.5,68.0,96.8,55.9,84.7,32.0
567,14749,G. Sakai,Defender,90.0,Low,25.1,8.8,55.4,20.2,63.5,85.8,15.8,18.7,81.1
568,113517,B. P\u00e9rez,Forward,163.0,Low,24.6,30.4,73.9,4.3,7.2,13.0,15.9,21.7,5.8
569,91702,J. Mojica,Defender,360.0,Medium,24.6,39.9,1.6,45.1,88.1,8.0,11.9,2.1,53.6
570,79320,M. Taremi,Forward,205.0,Medium,24.1,100.0,76.8,9.4,5.8,4.3,100.0,96.4,92.8
571,279545,L. Hern\u00e1ndez,Defender,589.0,High,24.0,47.2,17.1,26.9,57.5,34.7,4.7,11.9,57.0
572,105361,I. Strini\u0107,Defender,510.0,High,23.6,60.1,0.5,20.7,59.6,5.2,13.0,14.0,29.0
573,99452,A. Milik,Forward,73.0,Low,23.4,23.2,13.0,20.3,34.8,25.4,34.4,40.2,23.6
574,79149,K. Ansarifard,Forward,178.0,Low,23.4,89.1,49.3,26.8,10.1,7.2,88.4,61.6,35.1
575,101825,I. Smolnikov,Defender,90.0,Low,23.3,4.7,59.6,13.0,44.8,61.1,15.8,18.7,81.1
576,3714,C. Stuani,Forward,75.0,Low,23.2,34.1,11.6,17.4,33.3,30.4,87.0,38.4,21.7
577,285396,C. Pav\u00f3n,Forward,153.0,Low,23.2,18.1,3.6,44.9,30.4,13.8,17.4,23.2,65.9
578,238031,A. Beiranvand,Goalkeeper,270.0,Medium,23.2,2.4,31.7,19.5,48.8,51.2,17.1,28.0,9.8
579,15020,M. Leckie,Forward,270.0,Medium,23.0,97.1,10.1,27.5,44.9,9.4,85.9,91.3,76.8
580,86220,G. Mercado,Defender,270.0,Medium,22.8,23.8,50.3,8.3,73.6,94.6,8.8,6.0,12.2
581,125452,J. Venegas,Midfielder,150.0,Low,22.4,23.4,10.4,25.2,32.0,34.0,34.2,19.8,20.9
582,16151,R. Kruse,Forward,210.0,Medium,21.4,76.1,67.4,5.1,5.1,8.0,9.8,13.8,4.3
583,235555,R. Loftus-Cheek,Midfielder,274.0,Medium,21.4,0.5,50.9,11.3,20.7,48.2,2.3,5.0,23.4
584,448079,I. Sarr,Midfielder,270.0,Medium,20.9,7.7,38.7,5.0,27.7,77.5,25.9,33.1,25.7
585,8292,D. Rose,Defender,186.0,Medium,20.6,18.7,15.5,13.5,28.5,33.2,34.7,26.4,71.5
586,28529,Y. Sabaly,Defender,254.0,Medium,20.3,6.7,16.6,37.3,87.6,77.2,20.7,25.9,67.4
587,361498,M. Murillo,Defender,180.0,Medium,19.6,24.9,7.3,33.7,57.0,81.6,12.4,6.7,25.6
588,293080,H. Nagguez,Defender,156.0,Low,18.9,5.2,12.4,50.8,89.6,46.6,7.3,8.3,32.6
589,401861,J. Rodriguez,Midfielder,243.0,Medium,18.6,10.4,42.8,1.8,7.2,52.3,16.2,10.8,31.1
590,3314,\u00c1. di Mar\u00eda,Midfielder,237.0,Medium,17.7,0.9,3.6,10.8,40.1,92.6,27.5,12.2,32.9
591,61651,A. Behich,Defender,270.0,Medium,17.5,14.0,8.3,40.9,67.9,15.0,6.7,10.6,78.2
592,7939,A. Young,Defender,462.0,High,17.2,17.6,34.7,16.1,65.8,9.8,0.5,1.0,68.4
593,120225,Marwan Mohsen,Forward,208.0,Medium,14.9,96.4,36.2,5.8,2.9,14.5,92.0,95.7,67.0
594,51217,L. Augustinsson,Defender,450.0,High,13.1,2.6,5.2,6.2,88.6,90.2,38.3,62.7,33.4
